sku_id,item_name,score,text,aspect_input,aspect,sentiment,confidence,raw_result,sentiment_label,confidence_value,sentiment_score,is_positive,is_negative,is_neutral,is_known_label,sentiment_abs,sentiment_direction
7534113,comment,5,还可以刷脸解锁，帮朋友买的，她很满意,整体,['整体'],['Positive'],[0.9988232254981995],"{'text': '整体 还可以刷脸解锁，帮朋友买的，她很满意', 'aspect': ['整体'], 'sentiment': ['Positive'], 'confidence': [0.9988232254981995], 'probs': [array([1.8720185e-04, 9.8953734e-04, 9.9882323e-01], dtype=float32)], 'ref_sentiment': ['-100'], 'ref_check': [''], 'perplexity': 'N.A.'}",Positive,0.9988232254981995,0.9988232254981995,1,0,0,1,0.9988232254981995,Positive
7534113,comment,5,第一次买vivo，真心不错，1498的机子，没想到照相很清晰，性价比很高，买值了，还送了小音响，用了，真不错，机子贴膜都贴好了，不用自己单贴膜，拿起来就用，系统也不错，很快，国产的品牌真挺不错的。,系统,['系统'],['Positive'],[0.9963397979736328],"{'text': '系统 第一次买vivo，真心不错，1498的机子，没想到照相很清晰，性价比很高，买值了，还送了小音响，用了，真不错，机子贴膜都贴好了，不用自己单贴膜，拿起来就用，系统也不错，很快，国产的品牌真挺不错的。', 'aspect': ['系统'], 'sentiment': ['Positive'], 'confidence': [0.9963397979736328], 'probs': [array([6.6061673e-04, 2.9995791e-03, 9.9633980e-01], dtype=float32)], 'ref_sentiment': ['-100'], 'ref_check': [''], 'perplexity': 'N.A.'}",Positive,0.9963397979736328,0.9963397979736328,1,0,0,1,0.9963397979736328,Positive
7534113,comment,5,第一次买vivo，真心不错，1498的机子，没想到照相很清晰，性价比很高，买值了，还送了小音响，用了，真不错，机子贴膜都贴好了，不用自己单贴膜，拿起来就用，系统也不错，很快，国产的品牌真挺不错的。,性价比,['性价比'],['Positive'],[0.9962431192398071],"{'text': '性价比 第一次买vivo，真心不错，1498的机子，没想到照相很清晰，性价比很高，买值了，还送了小音响，用了，真不错，机子贴膜都贴好了，不用自己单贴膜，拿起来就用，系统也不错，很快，国产的品牌真挺不错的。', 'aspect': ['性价比'], 'sentiment': ['Positive'], 'confidence': [0.9962431192398071], 'probs': [array([0.00113994, 0.00261691, 0.9962431 ], dtype=float32)], 'ref_sentiment': ['-100'], 'ref_check': [''], 'perplexity': 'N.A.'}",Positive,0.9962431192398071,0.9962431192398071,1,0,0,1,0.9962431192398071,Positive
7534113,comment,5,手机好用快递送的快。,快递,['快递'],['Positive'],[0.9977103471755981],"{'text': '快递 手机好用快递送的快。', 'aspect': ['快递'], 'sentiment': ['Positive'], 'confidence': [0.9977103471755981], 'probs': [array([0.00126883, 0.00102079, 0.99771035], dtype=float32)], 'ref_sentiment': ['-100'], 'ref_check': [''], 'perplexity': 'N.A.'}",Positive,0.9977103471755981,0.9977103471755981,1,0,0,1,0.9977103471755981,Positive
8240587,comment,5,手机收到。外观设计很好！美观大方。我喜欢！一直使用华为手机。从荣耀七，荣耀八，荣耀九。反正一出新机就想换。荣耀十就想换。一直考虑。看见这款机挺心动！现在手里的荣耀七，荣耀八。想不出处理办法！有不敢随便处理。怕高手把里面资料回复。留在手里也不是办法。给人也不敢。如果有好的方法！介绍个！,外观,['外观'],['Positive'],[0.9959660768508911],"{'text': '外观 手机收到。外观设计很好！美观大方。我喜欢！一直使用华为手机。从荣耀七，荣耀八，荣耀九。反正一出新机就想换。荣耀十就想换。一直考虑。看见这款机挺心动！现在手里的荣耀七，荣耀八。想不出处理办法！有不敢随便处理。怕高手把里面资料回复。留在手里也不是办法。给人也不敢。如果有好的方法！介绍个！', 'aspect': ['外观'], 'sentiment': ['Positive'], 'confidence': [0.9959660768508911], 'probs': [array([0.00129343, 0.00274044, 0.9959661 ], dtype=float32)], 'ref_sentiment': ['-100'], 'ref_check': [''], 'perplexity': 'N.A.'}",Positive,0.9959660768508911,0.9959660768508911,1,0,0,1,0.9959660768508911,Positive
5942439,comment,5,收到了，挺好的，声音大，电池大，好用发货速度快，非常满意，好好好。,电池,['电池'],['Positive'],[0.9795478582382202],"{'text': '电池 收到了，挺好的，声音大，电池大，好用发货速度快，非常满意，好好好。', 'aspect': ['电池'], 'sentiment': ['Positive'], 'confidence': [0.9795478582382202], 'probs': [array([0.01391683, 0.00653525, 0.97954786], dtype=float32)], 'ref_sentiment': ['-100'], 'ref_check': [''], 'perplexity': 'N.A.'}",Positive,0.9795478582382202,0.9795478582382202,1,0,0,1,0.9795478582382202,Positive
5942439,comment,5,收到了，挺好的，声音大，电池大，好用发货速度快，非常满意，好好好。,速度,['速度'],['Positive'],[0.9744870662689209],"{'text': '速度 收到了，挺好的，声音大，电池大，好用发货速度快，非常满意，好好好。', 'aspect': ['速度'], 'sentiment': ['Positive'], 'confidence': [0.9744870662689209], 'probs': [array([0.01240204, 0.01311092, 0.97448707], dtype=float32)], 'ref_sentiment': ['-100'], 'ref_check': [''], 'perplexity': 'N.A.'}",Positive,0.9744870662689209,0.9744870662689209,1,0,0,1,0.9744870662689209,Positive
5942439,comment,5,收到了，挺好的，声音大，电池大，好用发货速度快，非常满意，好好好。,声音,['声音'],['Positive'],[0.9944209456443787],"{'text': '声音 收到了，挺好的，声音大，电池大，好用发货速度快，非常满意，好好好。', 'aspect': ['声音'], 'sentiment': ['Positive'], 'confidence': [0.9944209456443787], 'probs': [array([0.00171068, 0.00386841, 0.99442095], dtype=float32)], 'ref_sentiment': ['-100'], 'ref_check': [''], 'perplexity': 'N.A.'}",Positive,0.9944209456443787,0.9944209456443787,1,0,0,1,0.9944209456443787,Positive
5089275,comment,5,本来觉得双十一还会便宜的，想不到和11月初的价格差不多，想想还是感觉入手了，早买早享受。我的5s也该退休了，16G的内存完全不够用。值得表扬的是快递真的太快了，双十一买的，12号下午就到了。然后玩了一晚上，机子运行速度挺快，不过有些网上传的小问题，出现了两次开机闪屏的现象，后来就好了，不影响机子运行。打电话有轻微电流声，可以接受。整天感觉还行，等用段时间在看看。,运行,['运行'],['Positive'],[0.960315465927124],"{'text': '运行 本来觉得双十一还会便宜的，想不到和11月初的价格差不多，想想还是感觉入手了，早买早享受。我的5s也该退休了，16G的内存完全不够用。值得表扬的是快递真的太快了，双十一买的，12号下午就到了。然后玩了一晚上，机子运行速度挺快，不过有些网上传的小问题，出现了两次开机闪屏的现象，后来就好了，不影响机子运行。打电话有轻微电流声，可以接受。整天感觉还行，等用段时间在看看。', 'aspect': ['运行'], 'sentiment': ['Positive'], 'confidence': [0.960315465927124], 'probs': [array([0.00820376, 0.0314808 , 0.96031547], dtype=float32)], 'ref_sentiment': ['-100'], 'ref_check': [''], 'perplexity': 'N.A.'}",Positive,0.960315465927124,0.960315465927124,1,0,0,1,0.960315465927124,Positive
5089275,comment,5,本来觉得双十一还会便宜的，想不到和11月初的价格差不多，想想还是感觉入手了，早买早享受。我的5s也该退休了，16G的内存完全不够用。值得表扬的是快递真的太快了，双十一买的，12号下午就到了。然后玩了一晚上，机子运行速度挺快，不过有些网上传的小问题，出现了两次开机闪屏的现象，后来就好了，不影响机子运行。打电话有轻微电流声，可以接受。整天感觉还行，等用段时间在看看。,速度,['速度'],['Positive'],[0.96053546667099],"{'text': '速度 本来觉得双十一还会便宜的，想不到和11月初的价格差不多，想想还是感觉入手了，早买早享受。我的5s也该退休了，16G的内存完全不够用。值得表扬的是快递真的太快了，双十一买的，12号下午就到了。然后玩了一晚上，机子运行速度挺快，不过有些网上传的小问题，出现了两次开机闪屏的现象，后来就好了，不影响机子运行。打电话有轻微电流声，可以接受。整天感觉还行，等用段时间在看看。', 'aspect': ['速度'], 'sentiment': ['Positive'], 'confidence': [0.96053546667099], 'probs': [array([0.0194499 , 0.02001458, 0.96053547], dtype=float32)], 'ref_sentiment': ['-100'], 'ref_check': [''], 'perplexity': 'N.A.'}",Positive,0.96053546667099,0.96053546667099,1,0,0,1,0.96053546667099,Positive
5089275,comment,5,本来觉得双十一还会便宜的，想不到和11月初的价格差不多，想想还是感觉入手了，早买早享受。我的5s也该退休了，16G的内存完全不够用。值得表扬的是快递真的太快了，双十一买的，12号下午就到了。然后玩了一晚上，机子运行速度挺快，不过有些网上传的小问题，出现了两次开机闪屏的现象，后来就好了，不影响机子运行。打电话有轻微电流声，可以接受。整天感觉还行，等用段时间在看看。,快递,['快递'],['Positive'],[0.7193117141723633],"{'text': '快递 本来觉得双十一还会便宜的，想不到和11月初的价格差不多，想想还是感觉入手了，早买早享受。我的5s也该退休了，16G的内存完全不够用。值得表扬的是快递真的太快了，双十一买的，12号下午就到了。然后玩了一晚上，机子运行速度挺快，不过有些网上传的小问题，出现了两次开机闪屏的现象，后来就好了，不影响机子运行。打电话有轻微电流声，可以接受。整天感觉还行，等用段时间在看看。', 'aspect': ['快递'], 'sentiment': ['Positive'], 'confidence': [0.7193117141723633], 'probs': [array([0.21612917, 0.06455916, 0.7193117 ], dtype=float32)], 'ref_sentiment': ['-100'], 'ref_check': [''], 'perplexity': 'N.A.'}",Positive,0.7193117141723633,0.7193117141723633,1,0,0,1,0.7193117141723633,Positive
5089275,comment,5,本来觉得双十一还会便宜的，想不到和11月初的价格差不多，想想还是感觉入手了，早买早享受。我的5s也该退休了，16G的内存完全不够用。值得表扬的是快递真的太快了，双十一买的，12号下午就到了。然后玩了一晚上，机子运行速度挺快，不过有些网上传的小问题，出现了两次开机闪屏的现象，后来就好了，不影响机子运行。打电话有轻微电流声，可以接受。整天感觉还行，等用段时间在看看。,价格,['价格'],['Positive'],[0.7126332521438599],"{'text': '价格 本来觉得双十一还会便宜的，想不到和11月初的价格差不多，想想还是感觉入手了，早买早享受。我的5s也该退休了，16G的内存完全不够用。值得表扬的是快递真的太快了，双十一买的，12号下午就到了。然后玩了一晚上，机子运行速度挺快，不过有些网上传的小问题，出现了两次开机闪屏的现象，后来就好了，不影响机子运行。打电话有轻微电流声，可以接受。整天感觉还行，等用段时间在看看。', 'aspect': ['价格'], 'sentiment': ['Positive'], 'confidence': [0.7126332521438599], 'probs': [array([0.19551842, 0.0918483 , 0.71263325], dtype=float32)], 'ref_sentiment': ['-100'], 'ref_check': [''], 'perplexity': 'N.A.'}",Positive,0.7126332521438599,0.7126332521438599,1,0,0,1,0.7126332521438599,Positive
7081550,comment,5,没有真正意义上的窄边框，不过已经不错了，手机流畅，另外还有51G空间可用，同时试了下近距拍摄，我的发毛清晰可见,整体,['整体'],['Positive'],[0.9159536957740784],"{'text': '整体 没有真正意义上的窄边框，不过已经不错了，手机流畅，另外还有51G空间可用，同时试了下近距拍摄，我的发毛清晰可见', 'aspect': ['整体'], 'sentiment': ['Positive'], 'confidence': [0.9159536957740784], 'probs': [array([0.01399926, 0.0700471 , 0.9159537 ], dtype=float32)], 'ref_sentiment': ['-100'], 'ref_check': [''], 'perplexity': 'N.A.'}",Positive,0.9159536957740784,0.9159536957740784,1,0,0,1,0.9159536957740784,Positive
5663902,comment,5,幻夜黑颜色很漂亮，2.5D屏幕，圆润。2K屏很清晰，惊艳,屏幕,['屏幕'],['Positive'],[0.9988269209861755],"{'text': '屏幕 幻夜黑颜色很漂亮，2.5D屏幕，圆润。2K屏很清晰，惊艳', 'aspect': ['屏幕'], 'sentiment': ['Positive'], 'confidence': [0.9988269209861755], 'probs': [array([3.5625324e-04, 8.1685180e-04, 9.9882692e-01], dtype=float32)], 'ref_sentiment': ['-100'], 'ref_check': [''], 'perplexity': 'N.A.'}",Positive,0.9988269209861755,0.9988269209861755,1,0,0,1,0.9988269209861755,Positive
7283905,comment,5,特地用了一段时间才来评价，这手机值得这个价钱，打游戏还行，就是电池很不耐用，摄像头也很突出，人脸识别很鸡肋，但是总体感觉还是很好的,电池,['电池'],['Negative'],[0.9541422724723816],"{'text': '电池 特地用了一段时间才来评价，这手机值得这个价钱，打游戏还行，就是电池很不耐用，摄像头也很突出，人脸识别很鸡肋，但是总体感觉还是很好的', 'aspect': ['电池'], 'sentiment': ['Negative'], 'confidence': [0.9541422724723816], 'probs': [array([0.9541423 , 0.0292525 , 0.01660514], dtype=float32)], 'ref_sentiment': ['-100'], 'ref_check': [''], 'perplexity': 'N.A.'}",Negative,0.9541422724723816,-0.9541422724723816,0,1,0,1,0.9541422724723816,Negative
5001213,comment,5,机器没得说，价格也合理，虽说仍有不足，但还是比较满意的，首发就抢到了，暂时发现的不足就是扬声器没有现在用的note2好，虽说有点儿立体声，但是低音一般，还有就是显示，应该是屏幕的问题，比如说看新闻的时候，向下滑动，字体会模糊，这点不满意，其他都不错,屏幕,['屏幕'],['Positive'],[0.5072641372680664],"{'text': '屏幕 机器没得说，价格也合理，虽说仍有不足，但还是比较满意的，首发就抢到了，暂时发现的不足就是扬声器没有现在用的note2好，虽说有点儿立体声，但是低音一般，还有就是显示，应该是屏幕的问题，比如说看新闻的时候，向下滑动，字体会模糊，这点不满意，其他都不错', 'aspect': ['屏幕'], 'sentiment': ['Positive'], 'confidence': [0.5072641372680664], 'probs': [array([0.15983023, 0.33290565, 0.50726414], dtype=float32)], 'ref_sentiment': ['-100'], 'ref_check': [''], 'perplexity': 'N.A.'}",Positive,0.5072641372680664,0.5072641372680664,1,0,0,1,0.5072641372680664,Positive
5001213,comment,5,机器没得说，价格也合理，虽说仍有不足，但还是比较满意的，首发就抢到了，暂时发现的不足就是扬声器没有现在用的note2好，虽说有点儿立体声，但是低音一般，还有就是显示，应该是屏幕的问题，比如说看新闻的时候，向下滑动，字体会模糊，这点不满意，其他都不错,显示,['显示'],['Neutral'],[0.4519290328025818],"{'text': '显示 机器没得说，价格也合理，虽说仍有不足，但还是比较满意的，首发就抢到了，暂时发现的不足就是扬声器没有现在用的note2好，虽说有点儿立体声，但是低音一般，还有就是显示，应该是屏幕的问题，比如说看新闻的时候，向下滑动，字体会模糊，这点不满意，其他都不错', 'aspect': ['显示'], 'sentiment': ['Neutral'], 'confidence': [0.4519290328025818], 'probs': [array([0.1923938 , 0.45192903, 0.3556772 ], dtype=float32)], 'ref_sentiment': ['-100'], 'ref_check': [''], 'perplexity': 'N.A.'}",Neutral,0.4519290328025818,0.0,0,0,1,1,0.0,Neutral
5001213,comment,5,机器没得说，价格也合理，虽说仍有不足，但还是比较满意的，首发就抢到了，暂时发现的不足就是扬声器没有现在用的note2好，虽说有点儿立体声，但是低音一般，还有就是显示，应该是屏幕的问题，比如说看新闻的时候，向下滑动，字体会模糊，这点不满意，其他都不错,价格,['价格'],['Positive'],[0.9146144986152649],"{'text': '价格 机器没得说，价格也合理，虽说仍有不足，但还是比较满意的，首发就抢到了，暂时发现的不足就是扬声器没有现在用的note2好，虽说有点儿立体声，但是低音一般，还有就是显示，应该是屏幕的问题，比如说看新闻的时候，向下滑动，字体会模糊，这点不满意，其他都不错', 'aspect': ['价格'], 'sentiment': ['Positive'], 'confidence': [0.9146144986152649], 'probs': [array([0.01630931, 0.06907618, 0.9146145 ], dtype=float32)], 'ref_sentiment': ['-100'], 'ref_check': [''], 'perplexity': 'N.A.'}",Positive,0.9146144986152649,0.9146144986152649,1,0,0,1,0.9146144986152649,Positive
8344046,comment,5,中框真空镀3D镭雕，后盖复合材料丝印工艺，属实感十足，6.20英寸2246*1080分辨率的齐刘海全面屏加上超窄比边框。特别是彩屏幕看视频，色彩、分辨率非常不错，超级享受。在录像和拍照中1300W+500W像素，用起来非常给力，性价比不错，6GB内存加上128GB的存储，主频2.0Ghz，非常给力，还能微信多开，同时采用OS简洁、轻便，在玩游戏过程中都可以完全体验到手机系统的流畅度，在加上6.20英寸超大屏幕和1080P，看视频，玩游戏都非常的爽。在充电上，也是配有快速充电，可以快速的充电并在3000MAH大电池的支持下，可以非常快的上手，在玩游戏的过程中，也没觉得烫手，是一个值得入手的性价比和颜值都高的手机。,电池,['电池'],['Positive'],[0.9657014608383179],"{'text': '电池 中框真空镀3D镭雕，后盖复合材料丝印工艺，属实感十足，6.20英寸2246*1080分辨率的齐刘海全面屏加上超窄比边框。特别是彩屏幕看视频，色彩、分辨率非常不错，超级享受。在录像和拍照中1300W+500W像素，用起来非常给力，性价比不错，6GB内存加上128GB的存储，主频2.0Ghz，非常给力，还能微信多开，同时采用OS简洁、轻便，在玩游戏过程中都可以完全体验到手机系统的流畅度，在加上6.20英寸超大屏幕和1080P，看视频，玩游戏都非常的爽。在充电上，也是配有快速充电，可以快速的充电并在3000MAH大电池的支持下，可以非常快的上手，在玩游戏的过程中，也没觉得烫手，是一个值得入手的性价比和颜值都高的手机。', 'aspect': ['电池'], 'sentiment': ['Positive'], 'confidence': [0.9657014608383179], 'probs': [array([0.00670973, 0.02758886, 0.96570146], dtype=float32)], 'ref_sentiment': ['-100'], 'ref_check': [''], 'perplexity': 'N.A.'}",Positive,0.9657014608383179,0.9657014608383179,1,0,0,1,0.9657014608383179,Positive
8344046,comment,5,中框真空镀3D镭雕，后盖复合材料丝印工艺，属实感十足，6.20英寸2246*1080分辨率的齐刘海全面屏加上超窄比边框。特别是彩屏幕看视频，色彩、分辨率非常不错，超级享受。在录像和拍照中1300W+500W像素，用起来非常给力，性价比不错，6GB内存加上128GB的存储，主频2.0Ghz，非常给力，还能微信多开，同时采用OS简洁、轻便，在玩游戏过程中都可以完全体验到手机系统的流畅度，在加上6.20英寸超大屏幕和1080P，看视频，玩游戏都非常的爽。在充电上，也是配有快速充电，可以快速的充电并在3000MAH大电池的支持下，可以非常快的上手，在玩游戏的过程中，也没觉得烫手，是一个值得入手的性价比和颜值都高的手机。,屏幕,['屏幕'],['Positive'],[0.9916313290596008],"{'text': '屏幕 中框真空镀3D镭雕，后盖复合材料丝印工艺，属实感十足，6.20英寸2246*1080分辨率的齐刘海全面屏加上超窄比边框。特别是彩屏幕看视频，色彩、分辨率非常不错，超级享受。在录像和拍照中1300W+500W像素，用起来非常给力，性价比不错，6GB内存加上128GB的存储，主频2.0Ghz，非常给力，还能微信多开，同时采用OS简洁、轻便，在玩游戏过程中都可以完全体验到手机系统的流畅度，在加上6.20英寸超大屏幕和1080P，看视频，玩游戏都非常的爽。在充电上，也是配有快速充电，可以快速的充电并在3000MAH大电池的支持下，可以非常快的上手，在玩游戏的过程中，也没觉得烫手，是一个值得入手的性价比和颜值都高的手机。', 'aspect': ['屏幕'], 'sentiment': ['Positive'], 'confidence': [0.9916313290596008], 'probs': [array([0.00366509, 0.00470357, 0.9916313 ], dtype=float32)], 'ref_sentiment': ['-100'], 'ref_check': [''], 'perplexity': 'N.A.'}",Positive,0.9916313290596008,0.9916313290596008,1,0,0,1,0.9916313290596008,Positive
8344046,comment,5,中框真空镀3D镭雕，后盖复合材料丝印工艺，属实感十足，6.20英寸2246*1080分辨率的齐刘海全面屏加上超窄比边框。特别是彩屏幕看视频，色彩、分辨率非常不错，超级享受。在录像和拍照中1300W+500W像素，用起来非常给力，性价比不错，6GB内存加上128GB的存储，主频2.0Ghz，非常给力，还能微信多开，同时采用OS简洁、轻便，在玩游戏过程中都可以完全体验到手机系统的流畅度，在加上6.20英寸超大屏幕和1080P，看视频，玩游戏都非常的爽。在充电上，也是配有快速充电，可以快速的充电并在3000MAH大电池的支持下，可以非常快的上手，在玩游戏的过程中，也没觉得烫手，是一个值得入手的性价比和颜值都高的手机。,拍照,['拍照'],['Positive'],[0.9410892724990845],"{'text': '拍照 中框真空镀3D镭雕，后盖复合材料丝印工艺，属实感十足，6.20英寸2246*1080分辨率的齐刘海全面屏加上超窄比边框。特别是彩屏幕看视频，色彩、分辨率非常不错，超级享受。在录像和拍照中1300W+500W像素，用起来非常给力，性价比不错，6GB内存加上128GB的存储，主频2.0Ghz，非常给力，还能微信多开，同时采用OS简洁、轻便，在玩游戏过程中都可以完全体验到手机系统的流畅度，在加上6.20英寸超大屏幕和1080P，看视频，玩游戏都非常的爽。在充电上，也是配有快速充电，可以快速的充电并在3000MAH大电池的支持下，可以非常快的上手，在玩游戏的过程中，也没觉得烫手，是一个值得入手的性价比和颜值都高的手机。', 'aspect': ['拍照'], 'sentiment': ['Positive'], 'confidence': [0.9410892724990845], 'probs': [array([0.00303311, 0.05587765, 0.9410893 ], dtype=float32)], 'ref_sentiment': ['-100'], 'ref_check': [''], 'perplexity': 'N.A.'}",Positive,0.9410892724990845,0.9410892724990845,1,0,0,1,0.9410892724990845,Positive
8344046,comment,5,中框真空镀3D镭雕，后盖复合材料丝印工艺，属实感十足，6.20英寸2246*1080分辨率的齐刘海全面屏加上超窄比边框。特别是彩屏幕看视频，色彩、分辨率非常不错，超级享受。在录像和拍照中1300W+500W像素，用起来非常给力，性价比不错，6GB内存加上128GB的存储，主频2.0Ghz，非常给力，还能微信多开，同时采用OS简洁、轻便，在玩游戏过程中都可以完全体验到手机系统的流畅度，在加上6.20英寸超大屏幕和1080P，看视频，玩游戏都非常的爽。在充电上，也是配有快速充电，可以快速的充电并在3000MAH大电池的支持下，可以非常快的上手，在玩游戏的过程中，也没觉得烫手，是一个值得入手的性价比和颜值都高的手机。,系统,['系统'],['Positive'],[0.9896796941757202],"{'text': '系统 中框真空镀3D镭雕，后盖复合材料丝印工艺，属实感十足，6.20英寸2246*1080分辨率的齐刘海全面屏加上超窄比边框。特别是彩屏幕看视频，色彩、分辨率非常不错，超级享受。在录像和拍照中1300W+500W像素，用起来非常给力，性价比不错，6GB内存加上128GB的存储，主频2.0Ghz，非常给力，还能微信多开，同时采用OS简洁、轻便，在玩游戏过程中都可以完全体验到手机系统的流畅度，在加上6.20英寸超大屏幕和1080P，看视频，玩游戏都非常的爽。在充电上，也是配有快速充电，可以快速的充电并在3000MAH大电池的支持下，可以非常快的上手，在玩游戏的过程中，也没觉得烫手，是一个值得入手的性价比和颜值都高的手机。', 'aspect': ['系统'], 'sentiment': ['Positive'], 'confidence': [0.9896796941757202], 'probs': [array([0.0034436 , 0.00687678, 0.9896797 ], dtype=float32)], 'ref_sentiment': ['-100'], 'ref_check': [''], 'perplexity': 'N.A.'}",Positive,0.9896796941757202,0.9896796941757202,1,0,0,1,0.9896796941757202,Positive
8344046,comment,5,中框真空镀3D镭雕，后盖复合材料丝印工艺，属实感十足，6.20英寸2246*1080分辨率的齐刘海全面屏加上超窄比边框。特别是彩屏幕看视频，色彩、分辨率非常不错，超级享受。在录像和拍照中1300W+500W像素，用起来非常给力，性价比不错，6GB内存加上128GB的存储，主频2.0Ghz，非常给力，还能微信多开，同时采用OS简洁、轻便，在玩游戏过程中都可以完全体验到手机系统的流畅度，在加上6.20英寸超大屏幕和1080P，看视频，玩游戏都非常的爽。在充电上，也是配有快速充电，可以快速的充电并在3000MAH大电池的支持下，可以非常快的上手，在玩游戏的过程中，也没觉得烫手，是一个值得入手的性价比和颜值都高的手机。,性价比,['性价比'],['Positive'],[0.9870734214782715],"{'text': '性价比 中框真空镀3D镭雕，后盖复合材料丝印工艺，属实感十足，6.20英寸2246*1080分辨率的齐刘海全面屏加上超窄比边框。特别是彩屏幕看视频，色彩、分辨率非常不错，超级享受。在录像和拍照中1300W+500W像素，用起来非常给力，性价比不错，6GB内存加上128GB的存储，主频2.0Ghz，非常给力，还能微信多开，同时采用OS简洁、轻便，在玩游戏过程中都可以完全体验到手机系统的流畅度，在加上6.20英寸超大屏幕和1080P，看视频，玩游戏都非常的爽。在充电上，也是配有快速充电，可以快速的充电并在3000MAH大电池的支持下，可以非常快的上手，在玩游戏的过程中，也没觉得烫手，是一个值得入手的性价比和颜值都高的手机。', 'aspect': ['性价比'], 'sentiment': ['Positive'], 'confidence': [0.9870734214782715], 'probs': [array([0.00179122, 0.01113532, 0.9870734 ], dtype=float32)], 'ref_sentiment': ['-100'], 'ref_check': [''], 'perplexity': 'N.A.'}",Positive,0.9870734214782715,0.9870734214782715,1,0,0,1,0.9870734214782715,Positive
8344046,comment,5,中框真空镀3D镭雕，后盖复合材料丝印工艺，属实感十足，6.20英寸2246*1080分辨率的齐刘海全面屏加上超窄比边框。特别是彩屏幕看视频，色彩、分辨率非常不错，超级享受。在录像和拍照中1300W+500W像素，用起来非常给力，性价比不错，6GB内存加上128GB的存储，主频2.0Ghz，非常给力，还能微信多开，同时采用OS简洁、轻便，在玩游戏过程中都可以完全体验到手机系统的流畅度，在加上6.20英寸超大屏幕和1080P，看视频，玩游戏都非常的爽。在充电上，也是配有快速充电，可以快速的充电并在3000MAH大电池的支持下，可以非常快的上手，在玩游戏的过程中，也没觉得烫手，是一个值得入手的性价比和颜值都高的手机。,充电,['充电'],['Positive'],[0.9724850058555603],"{'text': '充电 中框真空镀3D镭雕，后盖复合材料丝印工艺，属实感十足，6.20英寸2246*1080分辨率的齐刘海全面屏加上超窄比边框。特别是彩屏幕看视频，色彩、分辨率非常不错，超级享受。在录像和拍照中1300W+500W像素，用起来非常给力，性价比不错，6GB内存加上128GB的存储，主频2.0Ghz，非常给力，还能微信多开，同时采用OS简洁、轻便，在玩游戏过程中都可以完全体验到手机系统的流畅度，在加上6.20英寸超大屏幕和1080P，看视频，玩游戏都非常的爽。在充电上，也是配有快速充电，可以快速的充电并在3000MAH大电池的支持下，可以非常快的上手，在玩游戏的过程中，也没觉得烫手，是一个值得入手的性价比和颜值都高的手机。', 'aspect': ['充电'], 'sentiment': ['Positive'], 'confidence': [0.9724850058555603], 'probs': [array([0.00170131, 0.02581366, 0.972485  ], dtype=float32)], 'ref_sentiment': ['-100'], 'ref_check': [''], 'perplexity': 'N.A.'}",Positive,0.9724850058555603,0.9724850058555603,1,0,0,1,0.9724850058555603,Positive
7534113,comment,5,手机很好用，京东快递就是快，手机一段时间了。,快递,['快递'],['Positive'],[0.9975841045379639],"{'text': '快递 手机很好用，京东快递就是快，手机一段时间了。', 'aspect': ['快递'], 'sentiment': ['Positive'], 'confidence': [0.9975841045379639], 'probs': [array([0.00100691, 0.001409  , 0.9975841 ], dtype=float32)], 'ref_sentiment': ['-100'], 'ref_check': [''], 'perplexity': 'N.A.'}",Positive,0.9975841045379639,0.9975841045379639,1,0,0,1,0.9975841045379639,Positive
8240587,comment,5,1 京东确实牛 手机下单后不到24小时就送到手。2 这款手机确实好，屏幕大，手感好，操作方便，系统优化得也很好。3 手机配置没有很高专业要求来说足够了。 4 为支持国货，支持华为，之前就买了华为M5的平板电脑换掉了苹果的IPAD。现在有又将苹果手机换为了华为的手机。这次购物超愉快。,屏幕,['屏幕'],['Positive'],[0.9930437803268433],"{'text': '屏幕 1 京东确实牛 手机下单后不到24小时就送到手。2 这款手机确实好，屏幕大，手感好，操作方便，系统优化得也很好。3 手机配置没有很高专业要求来说足够了。 4 为支持国货，支持华为，之前就买了华为M5的平板电脑换掉了苹果的IPAD。现在有又将苹果手机换为了华为的手机。这次购物超愉快。', 'aspect': ['屏幕'], 'sentiment': ['Positive'], 'confidence': [0.9930437803268433], 'probs': [array([0.00137309, 0.0055832 , 0.9930438 ], dtype=float32)], 'ref_sentiment': ['-100'], 'ref_check': [''], 'perplexity': 'N.A.'}",Positive,0.9930437803268433,0.9930437803268433,1,0,0,1,0.9930437803268433,Positive
8240587,comment,5,1 京东确实牛 手机下单后不到24小时就送到手。2 这款手机确实好，屏幕大，手感好，操作方便，系统优化得也很好。3 手机配置没有很高专业要求来说足够了。 4 为支持国货，支持华为，之前就买了华为M5的平板电脑换掉了苹果的IPAD。现在有又将苹果手机换为了华为的手机。这次购物超愉快。,系统,['系统'],['Positive'],[0.9905329942703247],"{'text': '系统 1 京东确实牛 手机下单后不到24小时就送到手。2 这款手机确实好，屏幕大，手感好，操作方便，系统优化得也很好。3 手机配置没有很高专业要求来说足够了。 4 为支持国货，支持华为，之前就买了华为M5的平板电脑换掉了苹果的IPAD。现在有又将苹果手机换为了华为的手机。这次购物超愉快。', 'aspect': ['系统'], 'sentiment': ['Positive'], 'confidence': [0.9905329942703247], 'probs': [array([0.00128892, 0.00817804, 0.990533  ], dtype=float32)], 'ref_sentiment': ['-100'], 'ref_check': [''], 'perplexity': 'N.A.'}",Positive,0.9905329942703247,0.9905329942703247,1,0,0,1,0.9905329942703247,Positive
8240587,comment,5,1 京东确实牛 手机下单后不到24小时就送到手。2 这款手机确实好，屏幕大，手感好，操作方便，系统优化得也很好。3 手机配置没有很高专业要求来说足够了。 4 为支持国货，支持华为，之前就买了华为M5的平板电脑换掉了苹果的IPAD。现在有又将苹果手机换为了华为的手机。这次购物超愉快。,手感,['手感'],['Positive'],[0.9936589598655701],"{'text': '手感 1 京东确实牛 手机下单后不到24小时就送到手。2 这款手机确实好，屏幕大，手感好，操作方便，系统优化得也很好。3 手机配置没有很高专业要求来说足够了。 4 为支持国货，支持华为，之前就买了华为M5的平板电脑换掉了苹果的IPAD。现在有又将苹果手机换为了华为的手机。这次购物超愉快。', 'aspect': ['手感'], 'sentiment': ['Positive'], 'confidence': [0.9936589598655701], 'probs': [array([0.00113282, 0.00520821, 0.99365896], dtype=float32)], 'ref_sentiment': ['-100'], 'ref_check': [''], 'perplexity': 'N.A.'}",Positive,0.9936589598655701,0.9936589598655701,1,0,0,1,0.9936589598655701,Positive
5942439,comment,5,收到货，声音很大，功能也多，适合老人用，就是重量有点重，,声音,['声音'],['Positive'],[0.5297989249229431],"{'text': '声音 收到货，声音很大，功能也多，适合老人用，就是重量有点重，', 'aspect': ['声音'], 'sentiment': ['Positive'], 'confidence': [0.5297989249229431], 'probs': [array([0.4479577 , 0.02224341, 0.5297989 ], dtype=float32)], 'ref_sentiment': ['-100'], 'ref_check': [''], 'perplexity': 'N.A.'}",Positive,0.5297989249229431,0.5297989249229431,1,0,0,1,0.5297989249229431,Positive
5089275,comment,5,纠结了很久还是买了8p，对比很多方面，拍照超级好看，很信任京东，物流很快虽然是别的地方但依旧快，东西绝对是正品，嘻嘻嘻，非常喜欢。,拍照,['拍照'],['Positive'],[0.9959418177604675],"{'text': '拍照 纠结了很久还是买了8p，对比很多方面，拍照超级好看，很信任京东，物流很快虽然是别的地方但依旧快，东西绝对是正品，嘻嘻嘻，非常喜欢。', 'aspect': ['拍照'], 'sentiment': ['Positive'], 'confidence': [0.9959418177604675], 'probs': [array([0.0019934, 0.0020647, 0.9959418], dtype=float32)], 'ref_sentiment': ['-100'], 'ref_check': [''], 'perplexity': 'N.A.'}",Positive,0.9959418177604675,0.9959418177604675,1,0,0,1,0.9959418177604675,Positive
5089275,comment,5,纠结了很久还是买了8p，对比很多方面，拍照超级好看，很信任京东，物流很快虽然是别的地方但依旧快，东西绝对是正品，嘻嘻嘻，非常喜欢。,物流,['物流'],['Positive'],[0.7567166090011597],"{'text': '物流 纠结了很久还是买了8p，对比很多方面，拍照超级好看，很信任京东，物流很快虽然是别的地方但依旧快，东西绝对是正品，嘻嘻嘻，非常喜欢。', 'aspect': ['物流'], 'sentiment': ['Positive'], 'confidence': [0.7567166090011597], 'probs': [array([0.20752355, 0.03575977, 0.7567166 ], dtype=float32)], 'ref_sentiment': ['-100'], 'ref_check': [''], 'perplexity': 'N.A.'}",Positive,0.7567166090011597,0.7567166090011597,1,0,0,1,0.7567166090011597,Positive
7081550,comment,5,购买前经过选购，对比，最终买了这个机器机型，收货很快，收到初步检查也没问题，速度肯定快，因为之前用的老手机慢要下岗由这个替代，另外这个配置970的u目前也是顶级高端了，所以肯定快！手感由于之前手机小，现在手机屏幕都大了，这个虽然相对小，但是还是比老手机5s大的多，拿起来，把持起来很累手，但是现在手机屏幕都大了也没办法，如果能小点自然更好！ 购买后用了几天，没发现机器有什么故障和问题，问题不大，用网上说的手机跑分工具测试不到19万多分，大概是21号购买的第6天，推送了那个tpu什么的加持手机体验速度的所谓黑科技，更新后又跑分上了20万如图！由于手机平时用的不多，主要接打电话，目前也没体验看视频，没体验任何游戏，没安装！ 只说下语音通话都ok，没发现问题，微信qq都正常使用，唯一遗憾的是微信和qq不支持指纹支付，这个前期我也不知道，后来使用发现，百度查询得知确认华为不支持，这是最不好的地方，本人主要用微信qq支付频繁些，只能老手机继续了，希望后续支持吧，也希望这个手机能战几年！,屏幕,['屏幕'],['Positive'],[0.9398313164710999],"{'text': '屏幕 购买前经过选购，对比，最终买了这个机器机型，收货很快，收到初步检查也没问题，速度肯定快，因为之前用的老手机慢要下岗由这个替代，另外这个配置970的u目前也是顶级高端了，所以肯定快！手感由于之前手机小，现在手机屏幕都大了，这个虽然相对小，但是还是比老手机5s大的多，拿起来，把持起来很累手，但是现在手机屏幕都大了也没办法，如果能小点自然更好！ 购买后用了几天，没发现机器有什么故障和问题，问题不大，用网上说的手机跑分工具测试不到19万多分，大概是21号购买的第6天，推送了那个tpu什么的加持手机体验速度的所谓黑科技，更新后又跑分上了20万如图！由于手机平时用的不多，主要接打电话，目前也没体验看视频，没体验任何游戏，没安装！ 只说下语音通话都ok，没发现问题，微信qq都正常使用，唯一遗憾的是微信和qq不支持指纹支付，这个前期我也不知道，后来使用发现，百度查询得知确认华为不支持，这是最不好的地方，本人主要用微信qq支付频繁些，只能老手机继续了，希望后续支持吧，也希望这个手机能战几年！', 'aspect': ['屏幕'], 'sentiment': ['Positive'], 'confidence': [0.9398313164710999], 'probs': [array([0.01608045, 0.04408829, 0.9398313 ], dtype=float32)], 'ref_sentiment': ['-100'], 'ref_check': [''], 'perplexity': 'N.A.'}",Positive,0.9398313164710999,0.9398313164710999,1,0,0,1,0.9398313164710999,Positive
7081550,comment,5,购买前经过选购，对比，最终买了这个机器机型，收货很快，收到初步检查也没问题，速度肯定快，因为之前用的老手机慢要下岗由这个替代，另外这个配置970的u目前也是顶级高端了，所以肯定快！手感由于之前手机小，现在手机屏幕都大了，这个虽然相对小，但是还是比老手机5s大的多，拿起来，把持起来很累手，但是现在手机屏幕都大了也没办法，如果能小点自然更好！ 购买后用了几天，没发现机器有什么故障和问题，问题不大，用网上说的手机跑分工具测试不到19万多分，大概是21号购买的第6天，推送了那个tpu什么的加持手机体验速度的所谓黑科技，更新后又跑分上了20万如图！由于手机平时用的不多，主要接打电话，目前也没体验看视频，没体验任何游戏，没安装！ 只说下语音通话都ok，没发现问题，微信qq都正常使用，唯一遗憾的是微信和qq不支持指纹支付，这个前期我也不知道，后来使用发现，百度查询得知确认华为不支持，这是最不好的地方，本人主要用微信qq支付频繁些，只能老手机继续了，希望后续支持吧，也希望这个手机能战几年！,速度,['速度'],['Positive'],[0.9590772986412048],"{'text': '速度 购买前经过选购，对比，最终买了这个机器机型，收货很快，收到初步检查也没问题，速度肯定快，因为之前用的老手机慢要下岗由这个替代，另外这个配置970的u目前也是顶级高端了，所以肯定快！手感由于之前手机小，现在手机屏幕都大了，这个虽然相对小，但是还是比老手机5s大的多，拿起来，把持起来很累手，但是现在手机屏幕都大了也没办法，如果能小点自然更好！ 购买后用了几天，没发现机器有什么故障和问题，问题不大，用网上说的手机跑分工具测试不到19万多分，大概是21号购买的第6天，推送了那个tpu什么的加持手机体验速度的所谓黑科技，更新后又跑分上了20万如图！由于手机平时用的不多，主要接打电话，目前也没体验看视频，没体验任何游戏，没安装！ 只说下语音通话都ok，没发现问题，微信qq都正常使用，唯一遗憾的是微信和qq不支持指纹支付，这个前期我也不知道，后来使用发现，百度查询得知确认华为不支持，这是最不好的地方，本人主要用微信qq支付频繁些，只能老手机继续了，希望后续支持吧，也希望这个手机能战几年！', 'aspect': ['速度'], 'sentiment': ['Positive'], 'confidence': [0.9590772986412048], 'probs': [array([0.00800736, 0.03291528, 0.9590773 ], dtype=float32)], 'ref_sentiment': ['-100'], 'ref_check': [''], 'perplexity': 'N.A.'}",Positive,0.9590772986412048,0.9590772986412048,1,0,0,1,0.9590772986412048,Positive
7081550,comment,5,购买前经过选购，对比，最终买了这个机器机型，收货很快，收到初步检查也没问题，速度肯定快，因为之前用的老手机慢要下岗由这个替代，另外这个配置970的u目前也是顶级高端了，所以肯定快！手感由于之前手机小，现在手机屏幕都大了，这个虽然相对小，但是还是比老手机5s大的多，拿起来，把持起来很累手，但是现在手机屏幕都大了也没办法，如果能小点自然更好！ 购买后用了几天，没发现机器有什么故障和问题，问题不大，用网上说的手机跑分工具测试不到19万多分，大概是21号购买的第6天，推送了那个tpu什么的加持手机体验速度的所谓黑科技，更新后又跑分上了20万如图！由于手机平时用的不多，主要接打电话，目前也没体验看视频，没体验任何游戏，没安装！ 只说下语音通话都ok，没发现问题，微信qq都正常使用，唯一遗憾的是微信和qq不支持指纹支付，这个前期我也不知道，后来使用发现，百度查询得知确认华为不支持，这是最不好的地方，本人主要用微信qq支付频繁些，只能老手机继续了，希望后续支持吧，也希望这个手机能战几年！,手感,['手感'],['Positive'],[0.9500833749771118],"{'text': '手感 购买前经过选购，对比，最终买了这个机器机型，收货很快，收到初步检查也没问题，速度肯定快，因为之前用的老手机慢要下岗由这个替代，另外这个配置970的u目前也是顶级高端了，所以肯定快！手感由于之前手机小，现在手机屏幕都大了，这个虽然相对小，但是还是比老手机5s大的多，拿起来，把持起来很累手，但是现在手机屏幕都大了也没办法，如果能小点自然更好！ 购买后用了几天，没发现机器有什么故障和问题，问题不大，用网上说的手机跑分工具测试不到19万多分，大概是21号购买的第6天，推送了那个tpu什么的加持手机体验速度的所谓黑科技，更新后又跑分上了20万如图！由于手机平时用的不多，主要接打电话，目前也没体验看视频，没体验任何游戏，没安装！ 只说下语音通话都ok，没发现问题，微信qq都正常使用，唯一遗憾的是微信和qq不支持指纹支付，这个前期我也不知道，后来使用发现，百度查询得知确认华为不支持，这是最不好的地方，本人主要用微信qq支付频繁些，只能老手机继续了，希望后续支持吧，也希望这个手机能战几年！', 'aspect': ['手感'], 'sentiment': ['Positive'], 'confidence': [0.9500833749771118], 'probs': [array([0.0121951 , 0.03772154, 0.9500834 ], dtype=float32)], 'ref_sentiment': ['-100'], 'ref_check': [''], 'perplexity': 'N.A.'}",Positive,0.9500833749771118,0.9500833749771118,1,0,0,1,0.9500833749771118,Positive
5663902,comment,5,手机很快就收到了，实物与商品介绍一样，手感和外观上看着还不错。因为一直用的都是华为手机，打开看内容，还是那么熟悉，一如既往的好！买手机时的选择性太多，好不容易选择购买了这款，希望长久的使用质量寿命令人满意就好！,外观,['外观'],['Positive'],[0.9879854321479797],"{'text': '外观 手机很快就收到了，实物与商品介绍一样，手感和外观上看着还不错。因为一直用的都是华为手机，打开看内容，还是那么熟悉，一如既往的好！买手机时的选择性太多，好不容易选择购买了这款，希望长久的使用质量寿命令人满意就好！', 'aspect': ['外观'], 'sentiment': ['Positive'], 'confidence': [0.9879854321479797], 'probs': [array([3.4430643e-04, 1.1670286e-02, 9.8798543e-01], dtype=float32)], 'ref_sentiment': ['-100'], 'ref_check': [''], 'perplexity': 'N.A.'}",Positive,0.9879854321479797,0.9879854321479797,1,0,0,1,0.9879854321479797,Positive
5663902,comment,5,手机很快就收到了，实物与商品介绍一样，手感和外观上看着还不错。因为一直用的都是华为手机，打开看内容，还是那么熟悉，一如既往的好！买手机时的选择性太多，好不容易选择购买了这款，希望长久的使用质量寿命令人满意就好！,手感,['手感'],['Positive'],[0.9878042936325073],"{'text': '手感 手机很快就收到了，实物与商品介绍一样，手感和外观上看着还不错。因为一直用的都是华为手机，打开看内容，还是那么熟悉，一如既往的好！买手机时的选择性太多，好不容易选择购买了这款，希望长久的使用质量寿命令人满意就好！', 'aspect': ['手感'], 'sentiment': ['Positive'], 'confidence': [0.9878042936325073], 'probs': [array([3.2109380e-04, 1.1874645e-02, 9.8780429e-01], dtype=float32)], 'ref_sentiment': ['-100'], 'ref_check': [''], 'perplexity': 'N.A.'}",Positive,0.9878042936325073,0.9878042936325073,1,0,0,1,0.9878042936325073,Positive
7283905,comment,5,27号下的单，今天收到1星期内，坐标河南商丘，手机是武汉仓过来的。充电头是5V2A的 不支持快充。已经另外购买。,充电,['充电'],['Negative'],[0.8699527382850647],"{'text': '充电 27号下的单，今天收到1星期内，坐标河南商丘，手机是武汉仓过来的。充电头是5V2A的 不支持快充。已经另外购买。', 'aspect': ['充电'], 'sentiment': ['Negative'], 'confidence': [0.8699527382850647], 'probs': [array([0.86995274, 0.1227896 , 0.00725765], dtype=float32)], 'ref_sentiment': ['-100'], 'ref_check': [''], 'perplexity': 'N.A.'}",Negative,0.8699527382850647,-0.8699527382850647,0,1,0,1,0.8699527382850647,Negative
5001213,comment,5,今天刚收到！ 看到京东的快递包装盒，我内心是一群奔腾而过的！几千块钱的物品包装，没有防压提示，包装盒直接被压塌一个角，幸好小米自带包装耐压，手机没事！ 京东快递有必要注意点，虽然你们或许不会在意顾客说什么的... 手机挺好，手感比肩水果7！关于全面屏，我想小米这样已经很厚道了，没有啥挑剔的！如果把下巴移到上面就更好了！ 使用感受，等用几天再评价吧！ 除开京东的包装，值得购买！,手感,['手感'],['Positive'],[0.6393694877624512],"{'text': '手感 今天刚收到！ 看到京东的快递包装盒，我内心是一群奔腾而过的！几千块钱的物品包装，没有防压提示，包装盒直接被压塌一个角，幸好小米自带包装耐压，手机没事！ 京东快递有必要注意点，虽然你们或许不会在意顾客说什么的... 手机挺好，手感比肩水果7！关于全面屏，我想小米这样已经很厚道了，没有啥挑剔的！如果把下巴移到上面就更好了！ 使用感受，等用几天再评价吧！ 除开京东的包装，值得购买！', 'aspect': ['手感'], 'sentiment': ['Positive'], 'confidence': [0.6393694877624512], 'probs': [array([0.04840589, 0.3122247 , 0.6393695 ], dtype=float32)], 'ref_sentiment': ['-100'], 'ref_check': [''], 'perplexity': 'N.A.'}",Positive,0.6393694877624512,0.6393694877624512,1,0,0,1,0.6393694877624512,Positive
5001213,comment,5,今天刚收到！ 看到京东的快递包装盒，我内心是一群奔腾而过的！几千块钱的物品包装，没有防压提示，包装盒直接被压塌一个角，幸好小米自带包装耐压，手机没事！ 京东快递有必要注意点，虽然你们或许不会在意顾客说什么的... 手机挺好，手感比肩水果7！关于全面屏，我想小米这样已经很厚道了，没有啥挑剔的！如果把下巴移到上面就更好了！ 使用感受，等用几天再评价吧！ 除开京东的包装，值得购买！,快递,['快递'],['Positive'],[0.8436769247055054],"{'text': '快递 今天刚收到！ 看到京东的快递包装盒，我内心是一群奔腾而过的！几千块钱的物品包装，没有防压提示，包装盒直接被压塌一个角，幸好小米自带包装耐压，手机没事！ 京东快递有必要注意点，虽然你们或许不会在意顾客说什么的... 手机挺好，手感比肩水果7！关于全面屏，我想小米这样已经很厚道了，没有啥挑剔的！如果把下巴移到上面就更好了！ 使用感受，等用几天再评价吧！ 除开京东的包装，值得购买！', 'aspect': ['快递'], 'sentiment': ['Positive'], 'confidence': [0.8436769247055054], 'probs': [array([0.03852182, 0.11780122, 0.8436769 ], dtype=float32)], 'ref_sentiment': ['-100'], 'ref_check': [''], 'perplexity': 'N.A.'}",Positive,0.8436769247055054,0.8436769247055054,1,0,0,1,0.8436769247055054,Positive
5001213,comment,5,今天刚收到！ 看到京东的快递包装盒，我内心是一群奔腾而过的！几千块钱的物品包装，没有防压提示，包装盒直接被压塌一个角，幸好小米自带包装耐压，手机没事！ 京东快递有必要注意点，虽然你们或许不会在意顾客说什么的... 手机挺好，手感比肩水果7！关于全面屏，我想小米这样已经很厚道了，没有啥挑剔的！如果把下巴移到上面就更好了！ 使用感受，等用几天再评价吧！ 除开京东的包装，值得购买！,包装,['包装'],['Neutral'],[0.40295153856277466],"{'text': '包装 今天刚收到！ 看到京东的快递包装盒，我内心是一群奔腾而过的！几千块钱的物品包装，没有防压提示，包装盒直接被压塌一个角，幸好小米自带包装耐压，手机没事！ 京东快递有必要注意点，虽然你们或许不会在意顾客说什么的... 手机挺好，手感比肩水果7！关于全面屏，我想小米这样已经很厚道了，没有啥挑剔的！如果把下巴移到上面就更好了！ 使用感受，等用几天再评价吧！ 除开京东的包装，值得购买！', 'aspect': ['包装'], 'sentiment': ['Neutral'], 'confidence': [0.40295153856277466], 'probs': [array([0.38576308, 0.40295154, 0.21128543], dtype=float32)], 'ref_sentiment': ['-100'], 'ref_check': [''], 'perplexity': 'N.A.'}",Neutral,0.40295153856277466,0.0,0,0,1,1,0.0,Neutral
8344046,comment,5,在浏览页面时，我没有立即购买，关注了这个手机有一段时间，这次直接下单了，首先客服服务真心不错，第一惊喜，物流很快，手机反应非常快，款式飘来昂，分辨率超高，手机拍出的照片和数码相机差不多，一开始我担心非常耗电，系统优化很好，界面简洁，造工，外形，上手度，屏幕，性能，系统优化，都可圈可点，运行速度快，屏幕大，质感、内容价值，手机可以称的上物有所值。总之是一次不错的网购经历。我知道无论用多么华丽的语言来措辞形容手机的优势都是不够的，都是虚伪的，所以我只想说一句：透过体验的效果分享给大家！体验效果整体而言：设计新颖、运行流畅、显示效果极佳、赠送的礼品多，手机款式时尚，整体算下来，比较划算！,屏幕,['屏幕'],['Neutral'],[0.6659858822822571],"{'text': '屏幕 在浏览页面时，我没有立即购买，关注了这个手机有一段时间，这次直接下单了，首先客服服务真心不错，第一惊喜，物流很快，手机反应非常快，款式飘来昂，分辨率超高，手机拍出的照片和数码相机差不多，一开始我担心非常耗电，系统优化很好，界面简洁，造工，外形，上手度，屏幕，性能，系统优化，都可圈可点，运行速度快，屏幕大，质感、内容价值，手机可以称的上物有所值。总之是一次不错的网购经历。我知道无论用多么华丽的语言来措辞形容手机的优势都是不够的，都是虚伪的，所以我只想说一句：透过体验的效果分享给大家！体验效果整体而言：设计新颖、运行流畅、显示效果极佳、赠送的礼品多，手机款式时尚，整体算下来，比较划算！', 'aspect': ['屏幕'], 'sentiment': ['Neutral'], 'confidence': [0.6659858822822571], 'probs': [array([0.10623023, 0.6659859 , 0.22778381], dtype=float32)], 'ref_sentiment': ['-100'], 'ref_check': [''], 'perplexity': 'N.A.'}",Neutral,0.6659858822822571,0.0,0,0,1,1,0.0,Neutral
8344046,comment,5,在浏览页面时，我没有立即购买，关注了这个手机有一段时间，这次直接下单了，首先客服服务真心不错，第一惊喜，物流很快，手机反应非常快，款式飘来昂，分辨率超高，手机拍出的照片和数码相机差不多，一开始我担心非常耗电，系统优化很好，界面简洁，造工，外形，上手度，屏幕，性能，系统优化，都可圈可点，运行速度快，屏幕大，质感、内容价值，手机可以称的上物有所值。总之是一次不错的网购经历。我知道无论用多么华丽的语言来措辞形容手机的优势都是不够的，都是虚伪的，所以我只想说一句：透过体验的效果分享给大家！体验效果整体而言：设计新颖、运行流畅、显示效果极佳、赠送的礼品多，手机款式时尚，整体算下来，比较划算！,显示,['显示'],['Neutral'],[0.5680133700370789],"{'text': '显示 在浏览页面时，我没有立即购买，关注了这个手机有一段时间，这次直接下单了，首先客服服务真心不错，第一惊喜，物流很快，手机反应非常快，款式飘来昂，分辨率超高，手机拍出的照片和数码相机差不多，一开始我担心非常耗电，系统优化很好，界面简洁，造工，外形，上手度，屏幕，性能，系统优化，都可圈可点，运行速度快，屏幕大，质感、内容价值，手机可以称的上物有所值。总之是一次不错的网购经历。我知道无论用多么华丽的语言来措辞形容手机的优势都是不够的，都是虚伪的，所以我只想说一句：透过体验的效果分享给大家！体验效果整体而言：设计新颖、运行流畅、显示效果极佳、赠送的礼品多，手机款式时尚，整体算下来，比较划算！', 'aspect': ['显示'], 'sentiment': ['Neutral'], 'confidence': [0.5680133700370789], 'probs': [array([0.20983571, 0.56801337, 0.2221509 ], dtype=float32)], 'ref_sentiment': ['-100'], 'ref_check': [''], 'perplexity': 'N.A.'}",Neutral,0.5680133700370789,0.0,0,0,1,1,0.0,Neutral
8344046,comment,5,在浏览页面时，我没有立即购买，关注了这个手机有一段时间，这次直接下单了，首先客服服务真心不错，第一惊喜，物流很快，手机反应非常快，款式飘来昂，分辨率超高，手机拍出的照片和数码相机差不多，一开始我担心非常耗电，系统优化很好，界面简洁，造工，外形，上手度，屏幕，性能，系统优化，都可圈可点，运行速度快，屏幕大，质感、内容价值，手机可以称的上物有所值。总之是一次不错的网购经历。我知道无论用多么华丽的语言来措辞形容手机的优势都是不够的，都是虚伪的，所以我只想说一句：透过体验的效果分享给大家！体验效果整体而言：设计新颖、运行流畅、显示效果极佳、赠送的礼品多，手机款式时尚，整体算下来，比较划算！,相机,['相机'],['Positive'],[0.4876011908054352],"{'text': '相机 在浏览页面时，我没有立即购买，关注了这个手机有一段时间，这次直接下单了，首先客服服务真心不错，第一惊喜，物流很快，手机反应非常快，款式飘来昂，分辨率超高，手机拍出的照片和数码相机差不多，一开始我担心非常耗电，系统优化很好，界面简洁，造工，外形，上手度，屏幕，性能，系统优化，都可圈可点，运行速度快，屏幕大，质感、内容价值，手机可以称的上物有所值。总之是一次不错的网购经历。我知道无论用多么华丽的语言来措辞形容手机的优势都是不够的，都是虚伪的，所以我只想说一句：透过体验的效果分享给大家！体验效果整体而言：设计新颖、运行流畅、显示效果极佳、赠送的礼品多，手机款式时尚，整体算下来，比较划算！', 'aspect': ['相机'], 'sentiment': ['Positive'], 'confidence': [0.4876011908054352], 'probs': [array([0.05976909, 0.45262975, 0.4876012 ], dtype=float32)], 'ref_sentiment': ['-100'], 'ref_check': [''], 'perplexity': 'N.A.'}",Positive,0.4876011908054352,0.4876011908054352,1,0,0,1,0.4876011908054352,Positive
8344046,comment,5,在浏览页面时，我没有立即购买，关注了这个手机有一段时间，这次直接下单了，首先客服服务真心不错，第一惊喜，物流很快，手机反应非常快，款式飘来昂，分辨率超高，手机拍出的照片和数码相机差不多，一开始我担心非常耗电，系统优化很好，界面简洁，造工，外形，上手度，屏幕，性能，系统优化，都可圈可点，运行速度快，屏幕大，质感、内容价值，手机可以称的上物有所值。总之是一次不错的网购经历。我知道无论用多么华丽的语言来措辞形容手机的优势都是不够的，都是虚伪的，所以我只想说一句：透过体验的效果分享给大家！体验效果整体而言：设计新颖、运行流畅、显示效果极佳、赠送的礼品多，手机款式时尚，整体算下来，比较划算！,性能,['性能'],['Neutral'],[0.5450211763381958],"{'text': '性能 在浏览页面时，我没有立即购买，关注了这个手机有一段时间，这次直接下单了，首先客服服务真心不错，第一惊喜，物流很快，手机反应非常快，款式飘来昂，分辨率超高，手机拍出的照片和数码相机差不多，一开始我担心非常耗电，系统优化很好，界面简洁，造工，外形，上手度，屏幕，性能，系统优化，都可圈可点，运行速度快，屏幕大，质感、内容价值，手机可以称的上物有所值。总之是一次不错的网购经历。我知道无论用多么华丽的语言来措辞形容手机的优势都是不够的，都是虚伪的，所以我只想说一句：透过体验的效果分享给大家！体验效果整体而言：设计新颖、运行流畅、显示效果极佳、赠送的礼品多，手机款式时尚，整体算下来，比较划算！', 'aspect': ['性能'], 'sentiment': ['Neutral'], 'confidence': [0.5450211763381958], 'probs': [array([0.1720301 , 0.5450212 , 0.28294876], dtype=float32)], 'ref_sentiment': ['-100'], 'ref_check': [''], 'perplexity': 'N.A.'}",Neutral,0.5450211763381958,0.0,0,0,1,1,0.0,Neutral
8344046,comment,5,在浏览页面时，我没有立即购买，关注了这个手机有一段时间，这次直接下单了，首先客服服务真心不错，第一惊喜，物流很快，手机反应非常快，款式飘来昂，分辨率超高，手机拍出的照片和数码相机差不多，一开始我担心非常耗电，系统优化很好，界面简洁，造工，外形，上手度，屏幕，性能，系统优化，都可圈可点，运行速度快，屏幕大，质感、内容价值，手机可以称的上物有所值。总之是一次不错的网购经历。我知道无论用多么华丽的语言来措辞形容手机的优势都是不够的，都是虚伪的，所以我只想说一句：透过体验的效果分享给大家！体验效果整体而言：设计新颖、运行流畅、显示效果极佳、赠送的礼品多，手机款式时尚，整体算下来，比较划算！,运行,['运行'],['Positive'],[0.6043601036071777],"{'text': '运行 在浏览页面时，我没有立即购买，关注了这个手机有一段时间，这次直接下单了，首先客服服务真心不错，第一惊喜，物流很快，手机反应非常快，款式飘来昂，分辨率超高，手机拍出的照片和数码相机差不多，一开始我担心非常耗电，系统优化很好，界面简洁，造工，外形，上手度，屏幕，性能，系统优化，都可圈可点，运行速度快，屏幕大，质感、内容价值，手机可以称的上物有所值。总之是一次不错的网购经历。我知道无论用多么华丽的语言来措辞形容手机的优势都是不够的，都是虚伪的，所以我只想说一句：透过体验的效果分享给大家！体验效果整体而言：设计新颖、运行流畅、显示效果极佳、赠送的礼品多，手机款式时尚，整体算下来，比较划算！', 'aspect': ['运行'], 'sentiment': ['Positive'], 'confidence': [0.6043601036071777], 'probs': [array([0.02598143, 0.36965844, 0.6043601 ], dtype=float32)], 'ref_sentiment': ['-100'], 'ref_check': [''], 'perplexity': 'N.A.'}",Positive,0.6043601036071777,0.6043601036071777,1,0,0,1,0.6043601036071777,Positive
8344046,comment,5,在浏览页面时，我没有立即购买，关注了这个手机有一段时间，这次直接下单了，首先客服服务真心不错，第一惊喜，物流很快，手机反应非常快，款式飘来昂，分辨率超高，手机拍出的照片和数码相机差不多，一开始我担心非常耗电，系统优化很好，界面简洁，造工，外形，上手度，屏幕，性能，系统优化，都可圈可点，运行速度快，屏幕大，质感、内容价值，手机可以称的上物有所值。总之是一次不错的网购经历。我知道无论用多么华丽的语言来措辞形容手机的优势都是不够的，都是虚伪的，所以我只想说一句：透过体验的效果分享给大家！体验效果整体而言：设计新颖、运行流畅、显示效果极佳、赠送的礼品多，手机款式时尚，整体算下来，比较划算！,速度,['速度'],['Positive'],[0.8681784272193909],"{'text': '速度 在浏览页面时，我没有立即购买，关注了这个手机有一段时间，这次直接下单了，首先客服服务真心不错，第一惊喜，物流很快，手机反应非常快，款式飘来昂，分辨率超高，手机拍出的照片和数码相机差不多，一开始我担心非常耗电，系统优化很好，界面简洁，造工，外形，上手度，屏幕，性能，系统优化，都可圈可点，运行速度快，屏幕大，质感、内容价值，手机可以称的上物有所值。总之是一次不错的网购经历。我知道无论用多么华丽的语言来措辞形容手机的优势都是不够的，都是虚伪的，所以我只想说一句：透过体验的效果分享给大家！体验效果整体而言：设计新颖、运行流畅、显示效果极佳、赠送的礼品多，手机款式时尚，整体算下来，比较划算！', 'aspect': ['速度'], 'sentiment': ['Positive'], 'confidence': [0.8681784272193909], 'probs': [array([0.04728659, 0.084535  , 0.8681784 ], dtype=float32)], 'ref_sentiment': ['-100'], 'ref_check': [''], 'perplexity': 'N.A.'}",Positive,0.8681784272193909,0.8681784272193909,1,0,0,1,0.8681784272193909,Positive
8344046,comment,5,在浏览页面时，我没有立即购买，关注了这个手机有一段时间，这次直接下单了，首先客服服务真心不错，第一惊喜，物流很快，手机反应非常快，款式飘来昂，分辨率超高，手机拍出的照片和数码相机差不多，一开始我担心非常耗电，系统优化很好，界面简洁，造工，外形，上手度，屏幕，性能，系统优化，都可圈可点，运行速度快，屏幕大，质感、内容价值，手机可以称的上物有所值。总之是一次不错的网购经历。我知道无论用多么华丽的语言来措辞形容手机的优势都是不够的，都是虚伪的，所以我只想说一句：透过体验的效果分享给大家！体验效果整体而言：设计新颖、运行流畅、显示效果极佳、赠送的礼品多，手机款式时尚，整体算下来，比较划算！,系统,['系统'],['Neutral'],[0.5607049465179443],"{'text': '系统 在浏览页面时，我没有立即购买，关注了这个手机有一段时间，这次直接下单了，首先客服服务真心不错，第一惊喜，物流很快，手机反应非常快，款式飘来昂，分辨率超高，手机拍出的照片和数码相机差不多，一开始我担心非常耗电，系统优化很好，界面简洁，造工，外形，上手度，屏幕，性能，系统优化，都可圈可点，运行速度快，屏幕大，质感、内容价值，手机可以称的上物有所值。总之是一次不错的网购经历。我知道无论用多么华丽的语言来措辞形容手机的优势都是不够的，都是虚伪的，所以我只想说一句：透过体验的效果分享给大家！体验效果整体而言：设计新颖、运行流畅、显示效果极佳、赠送的礼品多，手机款式时尚，整体算下来，比较划算！', 'aspect': ['系统'], 'sentiment': ['Neutral'], 'confidence': [0.5607049465179443], 'probs': [array([0.07527151, 0.56070495, 0.36402354], dtype=float32)], 'ref_sentiment': ['-100'], 'ref_check': [''], 'perplexity': 'N.A.'}",Neutral,0.5607049465179443,0.0,0,0,1,1,0.0,Neutral
8344046,comment,5,在浏览页面时，我没有立即购买，关注了这个手机有一段时间，这次直接下单了，首先客服服务真心不错，第一惊喜，物流很快，手机反应非常快，款式飘来昂，分辨率超高，手机拍出的照片和数码相机差不多，一开始我担心非常耗电，系统优化很好，界面简洁，造工，外形，上手度，屏幕，性能，系统优化，都可圈可点，运行速度快，屏幕大，质感、内容价值，手机可以称的上物有所值。总之是一次不错的网购经历。我知道无论用多么华丽的语言来措辞形容手机的优势都是不够的，都是虚伪的，所以我只想说一句：透过体验的效果分享给大家！体验效果整体而言：设计新颖、运行流畅、显示效果极佳、赠送的礼品多，手机款式时尚，整体算下来，比较划算！,质感,['质感'],['Positive'],[0.8392508029937744],"{'text': '质感 在浏览页面时，我没有立即购买，关注了这个手机有一段时间，这次直接下单了，首先客服服务真心不错，第一惊喜，物流很快，手机反应非常快，款式飘来昂，分辨率超高，手机拍出的照片和数码相机差不多，一开始我担心非常耗电，系统优化很好，界面简洁，造工，外形，上手度，屏幕，性能，系统优化，都可圈可点，运行速度快，屏幕大，质感、内容价值，手机可以称的上物有所值。总之是一次不错的网购经历。我知道无论用多么华丽的语言来措辞形容手机的优势都是不够的，都是虚伪的，所以我只想说一句：透过体验的效果分享给大家！体验效果整体而言：设计新颖、运行流畅、显示效果极佳、赠送的礼品多，手机款式时尚，整体算下来，比较划算！', 'aspect': ['质感'], 'sentiment': ['Positive'], 'confidence': [0.8392508029937744], 'probs': [array([0.02987626, 0.1308729 , 0.8392508 ], dtype=float32)], 'ref_sentiment': ['-100'], 'ref_check': [''], 'perplexity': 'N.A.'}",Positive,0.8392508029937744,0.8392508029937744,1,0,0,1,0.8392508029937744,Positive
8344046,comment,5,在浏览页面时，我没有立即购买，关注了这个手机有一段时间，这次直接下单了，首先客服服务真心不错，第一惊喜，物流很快，手机反应非常快，款式飘来昂，分辨率超高，手机拍出的照片和数码相机差不多，一开始我担心非常耗电，系统优化很好，界面简洁，造工，外形，上手度，屏幕，性能，系统优化，都可圈可点，运行速度快，屏幕大，质感、内容价值，手机可以称的上物有所值。总之是一次不错的网购经历。我知道无论用多么华丽的语言来措辞形容手机的优势都是不够的，都是虚伪的，所以我只想说一句：透过体验的效果分享给大家！体验效果整体而言：设计新颖、运行流畅、显示效果极佳、赠送的礼品多，手机款式时尚，整体算下来，比较划算！,物流,['物流'],['Neutral'],[0.5999373197555542],"{'text': '物流 在浏览页面时，我没有立即购买，关注了这个手机有一段时间，这次直接下单了，首先客服服务真心不错，第一惊喜，物流很快，手机反应非常快，款式飘来昂，分辨率超高，手机拍出的照片和数码相机差不多，一开始我担心非常耗电，系统优化很好，界面简洁，造工，外形，上手度，屏幕，性能，系统优化，都可圈可点，运行速度快，屏幕大，质感、内容价值，手机可以称的上物有所值。总之是一次不错的网购经历。我知道无论用多么华丽的语言来措辞形容手机的优势都是不够的，都是虚伪的，所以我只想说一句：透过体验的效果分享给大家！体验效果整体而言：设计新颖、运行流畅、显示效果极佳、赠送的礼品多，手机款式时尚，整体算下来，比较划算！', 'aspect': ['物流'], 'sentiment': ['Neutral'], 'confidence': [0.5999373197555542], 'probs': [array([0.05396158, 0.5999373 , 0.34610114], dtype=float32)], 'ref_sentiment': ['-100'], 'ref_check': [''], 'perplexity': 'N.A.'}",Neutral,0.5999373197555542,0.0,0,0,1,1,0.0,Neutral
8344046,comment,5,在浏览页面时，我没有立即购买，关注了这个手机有一段时间，这次直接下单了，首先客服服务真心不错，第一惊喜，物流很快，手机反应非常快，款式飘来昂，分辨率超高，手机拍出的照片和数码相机差不多，一开始我担心非常耗电，系统优化很好，界面简洁，造工，外形，上手度，屏幕，性能，系统优化，都可圈可点，运行速度快，屏幕大，质感、内容价值，手机可以称的上物有所值。总之是一次不错的网购经历。我知道无论用多么华丽的语言来措辞形容手机的优势都是不够的，都是虚伪的，所以我只想说一句：透过体验的效果分享给大家！体验效果整体而言：设计新颖、运行流畅、显示效果极佳、赠送的礼品多，手机款式时尚，整体算下来，比较划算！,客服,['客服'],['Neutral'],[0.5657405257225037],"{'text': '客服 在浏览页面时，我没有立即购买，关注了这个手机有一段时间，这次直接下单了，首先客服服务真心不错，第一惊喜，物流很快，手机反应非常快，款式飘来昂，分辨率超高，手机拍出的照片和数码相机差不多，一开始我担心非常耗电，系统优化很好，界面简洁，造工，外形，上手度，屏幕，性能，系统优化，都可圈可点，运行速度快，屏幕大，质感、内容价值，手机可以称的上物有所值。总之是一次不错的网购经历。我知道无论用多么华丽的语言来措辞形容手机的优势都是不够的，都是虚伪的，所以我只想说一句：透过体验的效果分享给大家！体验效果整体而言：设计新颖、运行流畅、显示效果极佳、赠送的礼品多，手机款式时尚，整体算下来，比较划算！', 'aspect': ['客服'], 'sentiment': ['Neutral'], 'confidence': [0.5657405257225037], 'probs': [array([0.07810413, 0.5657405 , 0.35615525], dtype=float32)], 'ref_sentiment': ['-100'], 'ref_check': [''], 'perplexity': 'N.A.'}",Neutral,0.5657405257225037,0.0,0,0,1,1,0.0,Neutral
8344046,comment,5,在浏览页面时，我没有立即购买，关注了这个手机有一段时间，这次直接下单了，首先客服服务真心不错，第一惊喜，物流很快，手机反应非常快，款式飘来昂，分辨率超高，手机拍出的照片和数码相机差不多，一开始我担心非常耗电，系统优化很好，界面简洁，造工，外形，上手度，屏幕，性能，系统优化，都可圈可点，运行速度快，屏幕大，质感、内容价值，手机可以称的上物有所值。总之是一次不错的网购经历。我知道无论用多么华丽的语言来措辞形容手机的优势都是不够的，都是虚伪的，所以我只想说一句：透过体验的效果分享给大家！体验效果整体而言：设计新颖、运行流畅、显示效果极佳、赠送的礼品多，手机款式时尚，整体算下来，比较划算！,服务,['服务'],['Positive'],[0.5372247099876404],"{'text': '服务 在浏览页面时，我没有立即购买，关注了这个手机有一段时间，这次直接下单了，首先客服服务真心不错，第一惊喜，物流很快，手机反应非常快，款式飘来昂，分辨率超高，手机拍出的照片和数码相机差不多，一开始我担心非常耗电，系统优化很好，界面简洁，造工，外形，上手度，屏幕，性能，系统优化，都可圈可点，运行速度快，屏幕大，质感、内容价值，手机可以称的上物有所值。总之是一次不错的网购经历。我知道无论用多么华丽的语言来措辞形容手机的优势都是不够的，都是虚伪的，所以我只想说一句：透过体验的效果分享给大家！体验效果整体而言：设计新颖、运行流畅、显示效果极佳、赠送的礼品多，手机款式时尚，整体算下来，比较划算！', 'aspect': ['服务'], 'sentiment': ['Positive'], 'confidence': [0.5372247099876404], 'probs': [array([0.06270142, 0.40007392, 0.5372247 ], dtype=float32)], 'ref_sentiment': ['-100'], 'ref_check': [''], 'perplexity': 'N.A.'}",Positive,0.5372247099876404,0.5372247099876404,1,0,0,1,0.5372247099876404,Positive
