sku_id,item_name,score,text,aspect_input,aspect,sentiment,confidence,raw_result
7534113,comment,5,还可以刷脸解锁，帮朋友买的，她很满意,整体,['整体'],['Positive'],[0.9988232254981995],"{'text': '整体 还可以刷脸解锁，帮朋友买的，她很满意', 'aspect': ['整体'], 'sentiment': ['Positive'], 'confidence': [0.9988232254981995], 'probs': [array([1.872006e-04, 9.895292e-04, 9.988232e-01], dtype=float32)], 'ref_sentiment': ['-100'], 'ref_check': [''], 'perplexity': 'N.A.'}"
7534113,comment,5,第一次买vivo，真心不错，1498的机子，没想到照相很清晰，性价比很高，买值了，还送了小音响，用了，真不错，机子贴膜都贴好了，不用自己单贴膜，拿起来就用，系统也不错，很快，国产的品牌真挺不错的。,系统,['系统'],['Positive'],[0.9963397979736328],"{'text': '系统 第一次买vivo，真心不错，1498的机子，没想到照相很清晰，性价比很高，买值了，还送了小音响，用了，真不错，机子贴膜都贴好了，不用自己单贴膜，拿起来就用，系统也不错，很快，国产的品牌真挺不错的。', 'aspect': ['系统'], 'sentiment': ['Positive'], 'confidence': [0.9963397979736328], 'probs': [array([6.6061446e-04, 2.9996205e-03, 9.9633980e-01], dtype=float32)], 'ref_sentiment': ['-100'], 'ref_check': [''], 'perplexity': 'N.A.'}"
7534113,comment,5,第一次买vivo，真心不错，1498的机子，没想到照相很清晰，性价比很高，买值了，还送了小音响，用了，真不错，机子贴膜都贴好了，不用自己单贴膜，拿起来就用，系统也不错，很快，国产的品牌真挺不错的。,性价比,['性价比'],['Positive'],[0.9962431192398071],"{'text': '性价比 第一次买vivo，真心不错，1498的机子，没想到照相很清晰，性价比很高，买值了，还送了小音响，用了，真不错，机子贴膜都贴好了，不用自己单贴膜，拿起来就用，系统也不错，很快，国产的品牌真挺不错的。', 'aspect': ['性价比'], 'sentiment': ['Positive'], 'confidence': [0.9962431192398071], 'probs': [array([0.00113995, 0.00261687, 0.9962431 ], dtype=float32)], 'ref_sentiment': ['-100'], 'ref_check': [''], 'perplexity': 'N.A.'}"
7534113,comment,5,手机好用快递送的快。,快递,['快递'],['Positive'],[0.9977103471755981],"{'text': '快递 手机好用快递送的快。', 'aspect': ['快递'], 'sentiment': ['Positive'], 'confidence': [0.9977103471755981], 'probs': [array([0.00126882, 0.00102079, 0.99771035], dtype=float32)], 'ref_sentiment': ['-100'], 'ref_check': [''], 'perplexity': 'N.A.'}"
8240587,comment,5,手机收到。外观设计很好！美观大方。我喜欢！一直使用华为手机。从荣耀七，荣耀八，荣耀九。反正一出新机就想换。荣耀十就想换。一直考虑。看见这款机挺心动！现在手里的荣耀七，荣耀八。想不出处理办法！有不敢随便处理。怕高手把里面资料回复。留在手里也不是办法。给人也不敢。如果有好的方法！介绍个！,外观,['外观'],['Positive'],[0.9959660768508911],"{'text': '外观 手机收到。外观设计很好！美观大方。我喜欢！一直使用华为手机。从荣耀七，荣耀八，荣耀九。反正一出新机就想换。荣耀十就想换。一直考虑。看见这款机挺心动！现在手里的荣耀七，荣耀八。想不出处理办法！有不敢随便处理。怕高手把里面资料回复。留在手里也不是办法。给人也不敢。如果有好的方法！介绍个！', 'aspect': ['外观'], 'sentiment': ['Positive'], 'confidence': [0.9959660768508911], 'probs': [array([0.00129344, 0.00274044, 0.9959661 ], dtype=float32)], 'ref_sentiment': ['-100'], 'ref_check': [''], 'perplexity': 'N.A.'}"
5942439,comment,5,收到了，挺好的，声音大，电池大，好用发货速度快，非常满意，好好好。,电池,['电池'],['Positive'],[0.9795478582382202],"{'text': '电池 收到了，挺好的，声音大，电池大，好用发货速度快，非常满意，好好好。', 'aspect': ['电池'], 'sentiment': ['Positive'], 'confidence': [0.9795478582382202], 'probs': [array([0.01391681, 0.00653528, 0.97954786], dtype=float32)], 'ref_sentiment': ['-100'], 'ref_check': [''], 'perplexity': 'N.A.'}"
5942439,comment,5,收到了，挺好的，声音大，电池大，好用发货速度快，非常满意，好好好。,速度,['速度'],['Positive'],[0.9744869470596313],"{'text': '速度 收到了，挺好的，声音大，电池大，好用发货速度快，非常满意，好好好。', 'aspect': ['速度'], 'sentiment': ['Positive'], 'confidence': [0.9744869470596313], 'probs': [array([0.01240197, 0.01311108, 0.97448695], dtype=float32)], 'ref_sentiment': ['-100'], 'ref_check': [''], 'perplexity': 'N.A.'}"
5942439,comment,5,收到了，挺好的，声音大，电池大，好用发货速度快，非常满意，好好好。,声音,['声音'],['Positive'],[0.9944208264350891],"{'text': '声音 收到了，挺好的，声音大，电池大，好用发货速度快，非常满意，好好好。', 'aspect': ['声音'], 'sentiment': ['Positive'], 'confidence': [0.9944208264350891], 'probs': [array([0.00171066, 0.0038684 , 0.9944208 ], dtype=float32)], 'ref_sentiment': ['-100'], 'ref_check': [''], 'perplexity': 'N.A.'}"
5089275,comment,5,本来觉得双十一还会便宜的，想不到和11月初的价格差不多，想想还是感觉入手了，早买早享受。我的5s也该退休了，16G的内存完全不够用。值得表扬的是快递真的太快了，双十一买的，12号下午就到了。然后玩了一晚上，机子运行速度挺快，不过有些网上传的小问题，出现了两次开机闪屏的现象，后来就好了，不影响机子运行。打电话有轻微电流声，可以接受。整天感觉还行，等用段时间在看看。,运行,['运行'],['Positive'],[0.9603149890899658],"{'text': '运行 本来觉得双十一还会便宜的，想不到和11月初的价格差不多，想想还是感觉入手了，早买早享受。我的5s也该退休了，16G的内存完全不够用。值得表扬的是快递真的太快了，双十一买的，12号下午就到了。然后玩了一晚上，机子运行速度挺快，不过有些网上传的小问题，出现了两次开机闪屏的现象，后来就好了，不影响机子运行。打电话有轻微电流声，可以接受。整天感觉还行，等用段时间在看看。', 'aspect': ['运行'], 'sentiment': ['Positive'], 'confidence': [0.9603149890899658], 'probs': [array([0.00820378, 0.03148125, 0.960315  ], dtype=float32)], 'ref_sentiment': ['-100'], 'ref_check': [''], 'perplexity': 'N.A.'}"
5089275,comment,5,本来觉得双十一还会便宜的，想不到和11月初的价格差不多，想想还是感觉入手了，早买早享受。我的5s也该退休了，16G的内存完全不够用。值得表扬的是快递真的太快了，双十一买的，12号下午就到了。然后玩了一晚上，机子运行速度挺快，不过有些网上传的小问题，出现了两次开机闪屏的现象，后来就好了，不影响机子运行。打电话有轻微电流声，可以接受。整天感觉还行，等用段时间在看看。,速度,['速度'],['Positive'],[0.9605362415313721],"{'text': '速度 本来觉得双十一还会便宜的，想不到和11月初的价格差不多，想想还是感觉入手了，早买早享受。我的5s也该退休了，16G的内存完全不够用。值得表扬的是快递真的太快了，双十一买的，12号下午就到了。然后玩了一晚上，机子运行速度挺快，不过有些网上传的小问题，出现了两次开机闪屏的现象，后来就好了，不影响机子运行。打电话有轻微电流声，可以接受。整天感觉还行，等用段时间在看看。', 'aspect': ['速度'], 'sentiment': ['Positive'], 'confidence': [0.9605362415313721], 'probs': [array([0.01944962, 0.02001422, 0.96053624], dtype=float32)], 'ref_sentiment': ['-100'], 'ref_check': [''], 'perplexity': 'N.A.'}"
5089275,comment,5,本来觉得双十一还会便宜的，想不到和11月初的价格差不多，想想还是感觉入手了，早买早享受。我的5s也该退休了，16G的内存完全不够用。值得表扬的是快递真的太快了，双十一买的，12号下午就到了。然后玩了一晚上，机子运行速度挺快，不过有些网上传的小问题，出现了两次开机闪屏的现象，后来就好了，不影响机子运行。打电话有轻微电流声，可以接受。整天感觉还行，等用段时间在看看。,快递,['快递'],['Positive'],[0.7193088531494141],"{'text': '快递 本来觉得双十一还会便宜的，想不到和11月初的价格差不多，想想还是感觉入手了，早买早享受。我的5s也该退休了，16G的内存完全不够用。值得表扬的是快递真的太快了，双十一买的，12号下午就到了。然后玩了一晚上，机子运行速度挺快，不过有些网上传的小问题，出现了两次开机闪屏的现象，后来就好了，不影响机子运行。打电话有轻微电流声，可以接受。整天感觉还行，等用段时间在看看。', 'aspect': ['快递'], 'sentiment': ['Positive'], 'confidence': [0.7193088531494141], 'probs': [array([0.21613216, 0.06455892, 0.71930885], dtype=float32)], 'ref_sentiment': ['-100'], 'ref_check': [''], 'perplexity': 'N.A.'}"
5089275,comment,5,本来觉得双十一还会便宜的，想不到和11月初的价格差不多，想想还是感觉入手了，早买早享受。我的5s也该退休了，16G的内存完全不够用。值得表扬的是快递真的太快了，双十一买的，12号下午就到了。然后玩了一晚上，机子运行速度挺快，不过有些网上传的小问题，出现了两次开机闪屏的现象，后来就好了，不影响机子运行。打电话有轻微电流声，可以接受。整天感觉还行，等用段时间在看看。,价格,['价格'],['Positive'],[0.7126290202140808],"{'text': '价格 本来觉得双十一还会便宜的，想不到和11月初的价格差不多，想想还是感觉入手了，早买早享受。我的5s也该退休了，16G的内存完全不够用。值得表扬的是快递真的太快了，双十一买的，12号下午就到了。然后玩了一晚上，机子运行速度挺快，不过有些网上传的小问题，出现了两次开机闪屏的现象，后来就好了，不影响机子运行。打电话有轻微电流声，可以接受。整天感觉还行，等用段时间在看看。', 'aspect': ['价格'], 'sentiment': ['Positive'], 'confidence': [0.7126290202140808], 'probs': [array([0.19552194, 0.09184899, 0.712629  ], dtype=float32)], 'ref_sentiment': ['-100'], 'ref_check': [''], 'perplexity': 'N.A.'}"
7081550,comment,5,没有真正意义上的窄边框，不过已经不错了，手机流畅，另外还有51G空间可用，同时试了下近距拍摄，我的发毛清晰可见,整体,['整体'],['Positive'],[0.91595458984375],"{'text': '整体 没有真正意义上的窄边框，不过已经不错了，手机流畅，另外还有51G空间可用，同时试了下近距拍摄，我的发毛清晰可见', 'aspect': ['整体'], 'sentiment': ['Positive'], 'confidence': [0.91595458984375], 'probs': [array([0.0139989 , 0.07004654, 0.9159546 ], dtype=float32)], 'ref_sentiment': ['-100'], 'ref_check': [''], 'perplexity': 'N.A.'}"
5663902,comment,5,幻夜黑颜色很漂亮，2.5D屏幕，圆润。2K屏很清晰，惊艳,屏幕,['屏幕'],['Positive'],[0.9988269209861755],"{'text': '屏幕 幻夜黑颜色很漂亮，2.5D屏幕，圆润。2K屏很清晰，惊艳', 'aspect': ['屏幕'], 'sentiment': ['Positive'], 'confidence': [0.9988269209861755], 'probs': [array([3.562570e-04, 8.168378e-04, 9.988269e-01], dtype=float32)], 'ref_sentiment': ['-100'], 'ref_check': [''], 'perplexity': 'N.A.'}"
7283905,comment,5,特地用了一段时间才来评价，这手机值得这个价钱，打游戏还行，就是电池很不耐用，摄像头也很突出，人脸识别很鸡肋，但是总体感觉还是很好的,电池,['电池'],['Negative'],[0.9541428089141846],"{'text': '电池 特地用了一段时间才来评价，这手机值得这个价钱，打游戏还行，就是电池很不耐用，摄像头也很突出，人脸识别很鸡肋，但是总体感觉还是很好的', 'aspect': ['电池'], 'sentiment': ['Negative'], 'confidence': [0.9541428089141846], 'probs': [array([0.9541428 , 0.02925247, 0.01660472], dtype=float32)], 'ref_sentiment': ['-100'], 'ref_check': [''], 'perplexity': 'N.A.'}"
5001213,comment,5,机器没得说，价格也合理，虽说仍有不足，但还是比较满意的，首发就抢到了，暂时发现的不足就是扬声器没有现在用的note2好，虽说有点儿立体声，但是低音一般，还有就是显示，应该是屏幕的问题，比如说看新闻的时候，向下滑动，字体会模糊，这点不满意，其他都不错,屏幕,['屏幕'],['Positive'],[0.5072581768035889],"{'text': '屏幕 机器没得说，价格也合理，虽说仍有不足，但还是比较满意的，首发就抢到了，暂时发现的不足就是扬声器没有现在用的note2好，虽说有点儿立体声，但是低音一般，还有就是显示，应该是屏幕的问题，比如说看新闻的时候，向下滑动，字体会模糊，这点不满意，其他都不错', 'aspect': ['屏幕'], 'sentiment': ['Positive'], 'confidence': [0.5072581768035889], 'probs': [array([0.15983106, 0.33291078, 0.5072582 ], dtype=float32)], 'ref_sentiment': ['-100'], 'ref_check': [''], 'perplexity': 'N.A.'}"
5001213,comment,5,机器没得说，价格也合理，虽说仍有不足，但还是比较满意的，首发就抢到了，暂时发现的不足就是扬声器没有现在用的note2好，虽说有点儿立体声，但是低音一般，还有就是显示，应该是屏幕的问题，比如说看新闻的时候，向下滑动，字体会模糊，这点不满意，其他都不错,显示,['显示'],['Neutral'],[0.45193296670913696],"{'text': '显示 机器没得说，价格也合理，虽说仍有不足，但还是比较满意的，首发就抢到了，暂时发现的不足就是扬声器没有现在用的note2好，虽说有点儿立体声，但是低音一般，还有就是显示，应该是屏幕的问题，比如说看新闻的时候，向下滑动，字体会模糊，这点不满意，其他都不错', 'aspect': ['显示'], 'sentiment': ['Neutral'], 'confidence': [0.45193296670913696], 'probs': [array([0.19239499, 0.45193297, 0.35567212], dtype=float32)], 'ref_sentiment': ['-100'], 'ref_check': [''], 'perplexity': 'N.A.'}"
5001213,comment,5,机器没得说，价格也合理，虽说仍有不足，但还是比较满意的，首发就抢到了，暂时发现的不足就是扬声器没有现在用的note2好，虽说有点儿立体声，但是低音一般，还有就是显示，应该是屏幕的问题，比如说看新闻的时候，向下滑动，字体会模糊，这点不满意，其他都不错,价格,['价格'],['Positive'],[0.9146144986152649],"{'text': '价格 机器没得说，价格也合理，虽说仍有不足，但还是比较满意的，首发就抢到了，暂时发现的不足就是扬声器没有现在用的note2好，虽说有点儿立体声，但是低音一般，还有就是显示，应该是屏幕的问题，比如说看新闻的时候，向下滑动，字体会模糊，这点不满意，其他都不错', 'aspect': ['价格'], 'sentiment': ['Positive'], 'confidence': [0.9146144986152649], 'probs': [array([0.01630937, 0.06907619, 0.9146145 ], dtype=float32)], 'ref_sentiment': ['-100'], 'ref_check': [''], 'perplexity': 'N.A.'}"
8344046,comment,5,中框真空镀3D镭雕，后盖复合材料丝印工艺，属实感十足，6.20英寸2246*1080分辨率的齐刘海全面屏加上超窄比边框。特别是彩屏幕看视频，色彩、分辨率非常不错，超级享受。在录像和拍照中1300W+500W像素，用起来非常给力，性价比不错，6GB内存加上128GB的存储，主频2.0Ghz，非常给力，还能微信多开，同时采用OS简洁、轻便，在玩游戏过程中都可以完全体验到手机系统的流畅度，在加上6.20英寸超大屏幕和1080P，看视频，玩游戏都非常的爽。在充电上，也是配有快速充电，可以快速的充电并在3000MAH大电池的支持下，可以非常快的上手，在玩游戏的过程中，也没觉得烫手，是一个值得入手的性价比和颜值都高的手机。,电池,['电池'],['Positive'],[0.9657024145126343],"{'text': '电池 中框真空镀3D镭雕，后盖复合材料丝印工艺，属实感十足，6.20英寸2246*1080分辨率的齐刘海全面屏加上超窄比边框。特别是彩屏幕看视频，色彩、分辨率非常不错，超级享受。在录像和拍照中1300W+500W像素，用起来非常给力，性价比不错，6GB内存加上128GB的存储，主频2.0Ghz，非常给力，还能微信多开，同时采用OS简洁、轻便，在玩游戏过程中都可以完全体验到手机系统的流畅度，在加上6.20英寸超大屏幕和1080P，看视频，玩游戏都非常的爽。在充电上，也是配有快速充电，可以快速的充电并在3000MAH大电池的支持下，可以非常快的上手，在玩游戏的过程中，也没觉得烫手，是一个值得入手的性价比和颜值都高的手机。', 'aspect': ['电池'], 'sentiment': ['Positive'], 'confidence': [0.9657024145126343], 'probs': [array([0.00670977, 0.02758777, 0.9657024 ], dtype=float32)], 'ref_sentiment': ['-100'], 'ref_check': [''], 'perplexity': 'N.A.'}"
8344046,comment,5,中框真空镀3D镭雕，后盖复合材料丝印工艺，属实感十足，6.20英寸2246*1080分辨率的齐刘海全面屏加上超窄比边框。特别是彩屏幕看视频，色彩、分辨率非常不错，超级享受。在录像和拍照中1300W+500W像素，用起来非常给力，性价比不错，6GB内存加上128GB的存储，主频2.0Ghz，非常给力，还能微信多开，同时采用OS简洁、轻便，在玩游戏过程中都可以完全体验到手机系统的流畅度，在加上6.20英寸超大屏幕和1080P，看视频，玩游戏都非常的爽。在充电上，也是配有快速充电，可以快速的充电并在3000MAH大电池的支持下，可以非常快的上手，在玩游戏的过程中，也没觉得烫手，是一个值得入手的性价比和颜值都高的手机。,屏幕,['屏幕'],['Positive'],[0.9916312098503113],"{'text': '屏幕 中框真空镀3D镭雕，后盖复合材料丝印工艺，属实感十足，6.20英寸2246*1080分辨率的齐刘海全面屏加上超窄比边框。特别是彩屏幕看视频，色彩、分辨率非常不错，超级享受。在录像和拍照中1300W+500W像素，用起来非常给力，性价比不错，6GB内存加上128GB的存储，主频2.0Ghz，非常给力，还能微信多开，同时采用OS简洁、轻便，在玩游戏过程中都可以完全体验到手机系统的流畅度，在加上6.20英寸超大屏幕和1080P，看视频，玩游戏都非常的爽。在充电上，也是配有快速充电，可以快速的充电并在3000MAH大电池的支持下，可以非常快的上手，在玩游戏的过程中，也没觉得烫手，是一个值得入手的性价比和颜值都高的手机。', 'aspect': ['屏幕'], 'sentiment': ['Positive'], 'confidence': [0.9916312098503113], 'probs': [array([0.00366511, 0.0047036 , 0.9916312 ], dtype=float32)], 'ref_sentiment': ['-100'], 'ref_check': [''], 'perplexity': 'N.A.'}"
8344046,comment,5,中框真空镀3D镭雕，后盖复合材料丝印工艺，属实感十足，6.20英寸2246*1080分辨率的齐刘海全面屏加上超窄比边框。特别是彩屏幕看视频，色彩、分辨率非常不错，超级享受。在录像和拍照中1300W+500W像素，用起来非常给力，性价比不错，6GB内存加上128GB的存储，主频2.0Ghz，非常给力，还能微信多开，同时采用OS简洁、轻便，在玩游戏过程中都可以完全体验到手机系统的流畅度，在加上6.20英寸超大屏幕和1080P，看视频，玩游戏都非常的爽。在充电上，也是配有快速充电，可以快速的充电并在3000MAH大电池的支持下，可以非常快的上手，在玩游戏的过程中，也没觉得烫手，是一个值得入手的性价比和颜值都高的手机。,拍照,['拍照'],['Positive'],[0.9410901069641113],"{'text': '拍照 中框真空镀3D镭雕，后盖复合材料丝印工艺，属实感十足，6.20英寸2246*1080分辨率的齐刘海全面屏加上超窄比边框。特别是彩屏幕看视频，色彩、分辨率非常不错，超级享受。在录像和拍照中1300W+500W像素，用起来非常给力，性价比不错，6GB内存加上128GB的存储，主频2.0Ghz，非常给力，还能微信多开，同时采用OS简洁、轻便，在玩游戏过程中都可以完全体验到手机系统的流畅度，在加上6.20英寸超大屏幕和1080P，看视频，玩游戏都非常的爽。在充电上，也是配有快速充电，可以快速的充电并在3000MAH大电池的支持下，可以非常快的上手，在玩游戏的过程中，也没觉得烫手，是一个值得入手的性价比和颜值都高的手机。', 'aspect': ['拍照'], 'sentiment': ['Positive'], 'confidence': [0.9410901069641113], 'probs': [array([0.00303309, 0.05587687, 0.9410901 ], dtype=float32)], 'ref_sentiment': ['-100'], 'ref_check': [''], 'perplexity': 'N.A.'}"
8344046,comment,5,中框真空镀3D镭雕，后盖复合材料丝印工艺，属实感十足，6.20英寸2246*1080分辨率的齐刘海全面屏加上超窄比边框。特别是彩屏幕看视频，色彩、分辨率非常不错，超级享受。在录像和拍照中1300W+500W像素，用起来非常给力，性价比不错，6GB内存加上128GB的存储，主频2.0Ghz，非常给力，还能微信多开，同时采用OS简洁、轻便，在玩游戏过程中都可以完全体验到手机系统的流畅度，在加上6.20英寸超大屏幕和1080P，看视频，玩游戏都非常的爽。在充电上，也是配有快速充电，可以快速的充电并在3000MAH大电池的支持下，可以非常快的上手，在玩游戏的过程中，也没觉得烫手，是一个值得入手的性价比和颜值都高的手机。,系统,['系统'],['Positive'],[0.9896795749664307],"{'text': '系统 中框真空镀3D镭雕，后盖复合材料丝印工艺，属实感十足，6.20英寸2246*1080分辨率的齐刘海全面屏加上超窄比边框。特别是彩屏幕看视频，色彩、分辨率非常不错，超级享受。在录像和拍照中1300W+500W像素，用起来非常给力，性价比不错，6GB内存加上128GB的存储，主频2.0Ghz，非常给力，还能微信多开，同时采用OS简洁、轻便，在玩游戏过程中都可以完全体验到手机系统的流畅度，在加上6.20英寸超大屏幕和1080P，看视频，玩游戏都非常的爽。在充电上，也是配有快速充电，可以快速的充电并在3000MAH大电池的支持下，可以非常快的上手，在玩游戏的过程中，也没觉得烫手，是一个值得入手的性价比和颜值都高的手机。', 'aspect': ['系统'], 'sentiment': ['Positive'], 'confidence': [0.9896795749664307], 'probs': [array([0.00344359, 0.00687682, 0.9896796 ], dtype=float32)], 'ref_sentiment': ['-100'], 'ref_check': [''], 'perplexity': 'N.A.'}"
8344046,comment,5,中框真空镀3D镭雕，后盖复合材料丝印工艺，属实感十足，6.20英寸2246*1080分辨率的齐刘海全面屏加上超窄比边框。特别是彩屏幕看视频，色彩、分辨率非常不错，超级享受。在录像和拍照中1300W+500W像素，用起来非常给力，性价比不错，6GB内存加上128GB的存储，主频2.0Ghz，非常给力，还能微信多开，同时采用OS简洁、轻便，在玩游戏过程中都可以完全体验到手机系统的流畅度，在加上6.20英寸超大屏幕和1080P，看视频，玩游戏都非常的爽。在充电上，也是配有快速充电，可以快速的充电并在3000MAH大电池的支持下，可以非常快的上手，在玩游戏的过程中，也没觉得烫手，是一个值得入手的性价比和颜值都高的手机。,性价比,['性价比'],['Positive'],[0.9870734214782715],"{'text': '性价比 中框真空镀3D镭雕，后盖复合材料丝印工艺，属实感十足，6.20英寸2246*1080分辨率的齐刘海全面屏加上超窄比边框。特别是彩屏幕看视频，色彩、分辨率非常不错，超级享受。在录像和拍照中1300W+500W像素，用起来非常给力，性价比不错，6GB内存加上128GB的存储，主频2.0Ghz，非常给力，还能微信多开，同时采用OS简洁、轻便，在玩游戏过程中都可以完全体验到手机系统的流畅度，在加上6.20英寸超大屏幕和1080P，看视频，玩游戏都非常的爽。在充电上，也是配有快速充电，可以快速的充电并在3000MAH大电池的支持下，可以非常快的上手，在玩游戏的过程中，也没觉得烫手，是一个值得入手的性价比和颜值都高的手机。', 'aspect': ['性价比'], 'sentiment': ['Positive'], 'confidence': [0.9870734214782715], 'probs': [array([0.00179134, 0.01113516, 0.9870734 ], dtype=float32)], 'ref_sentiment': ['-100'], 'ref_check': [''], 'perplexity': 'N.A.'}"
8344046,comment,5,中框真空镀3D镭雕，后盖复合材料丝印工艺，属实感十足，6.20英寸2246*1080分辨率的齐刘海全面屏加上超窄比边框。特别是彩屏幕看视频，色彩、分辨率非常不错，超级享受。在录像和拍照中1300W+500W像素，用起来非常给力，性价比不错，6GB内存加上128GB的存储，主频2.0Ghz，非常给力，还能微信多开，同时采用OS简洁、轻便，在玩游戏过程中都可以完全体验到手机系统的流畅度，在加上6.20英寸超大屏幕和1080P，看视频，玩游戏都非常的爽。在充电上，也是配有快速充电，可以快速的充电并在3000MAH大电池的支持下，可以非常快的上手，在玩游戏的过程中，也没觉得烫手，是一个值得入手的性价比和颜值都高的手机。,充电,['充电'],['Positive'],[0.9724876880645752],"{'text': '充电 中框真空镀3D镭雕，后盖复合材料丝印工艺，属实感十足，6.20英寸2246*1080分辨率的齐刘海全面屏加上超窄比边框。特别是彩屏幕看视频，色彩、分辨率非常不错，超级享受。在录像和拍照中1300W+500W像素，用起来非常给力，性价比不错，6GB内存加上128GB的存储，主频2.0Ghz，非常给力，还能微信多开，同时采用OS简洁、轻便，在玩游戏过程中都可以完全体验到手机系统的流畅度，在加上6.20英寸超大屏幕和1080P，看视频，玩游戏都非常的爽。在充电上，也是配有快速充电，可以快速的充电并在3000MAH大电池的支持下，可以非常快的上手，在玩游戏的过程中，也没觉得烫手，是一个值得入手的性价比和颜值都高的手机。', 'aspect': ['充电'], 'sentiment': ['Positive'], 'confidence': [0.9724876880645752], 'probs': [array([0.00170125, 0.02581106, 0.9724877 ], dtype=float32)], 'ref_sentiment': ['-100'], 'ref_check': [''], 'perplexity': 'N.A.'}"
7534113,comment,5,手机很好用，京东快递就是快，手机一段时间了。,快递,['快递'],['Positive'],[0.9975841045379639],"{'text': '快递 手机很好用，京东快递就是快，手机一段时间了。', 'aspect': ['快递'], 'sentiment': ['Positive'], 'confidence': [0.9975841045379639], 'probs': [array([0.00100692, 0.001409  , 0.9975841 ], dtype=float32)], 'ref_sentiment': ['-100'], 'ref_check': [''], 'perplexity': 'N.A.'}"
8240587,comment,5,1 京东确实牛 手机下单后不到24小时就送到手。2 这款手机确实好，屏幕大，手感好，操作方便，系统优化得也很好。3 手机配置没有很高专业要求来说足够了。 4 为支持国货，支持华为，之前就买了华为M5的平板电脑换掉了苹果的IPAD。现在有又将苹果手机换为了华为的手机。这次购物超愉快。,屏幕,['屏幕'],['Positive'],[0.9930437803268433],"{'text': '屏幕 1 京东确实牛 手机下单后不到24小时就送到手。2 这款手机确实好，屏幕大，手感好，操作方便，系统优化得也很好。3 手机配置没有很高专业要求来说足够了。 4 为支持国货，支持华为，之前就买了华为M5的平板电脑换掉了苹果的IPAD。现在有又将苹果手机换为了华为的手机。这次购物超愉快。', 'aspect': ['屏幕'], 'sentiment': ['Positive'], 'confidence': [0.9930437803268433], 'probs': [array([0.0013731 , 0.00558317, 0.9930438 ], dtype=float32)], 'ref_sentiment': ['-100'], 'ref_check': [''], 'perplexity': 'N.A.'}"
8240587,comment,5,1 京东确实牛 手机下单后不到24小时就送到手。2 这款手机确实好，屏幕大，手感好，操作方便，系统优化得也很好。3 手机配置没有很高专业要求来说足够了。 4 为支持国货，支持华为，之前就买了华为M5的平板电脑换掉了苹果的IPAD。现在有又将苹果手机换为了华为的手机。这次购物超愉快。,系统,['系统'],['Positive'],[0.9905329942703247],"{'text': '系统 1 京东确实牛 手机下单后不到24小时就送到手。2 这款手机确实好，屏幕大，手感好，操作方便，系统优化得也很好。3 手机配置没有很高专业要求来说足够了。 4 为支持国货，支持华为，之前就买了华为M5的平板电脑换掉了苹果的IPAD。现在有又将苹果手机换为了华为的手机。这次购物超愉快。', 'aspect': ['系统'], 'sentiment': ['Positive'], 'confidence': [0.9905329942703247], 'probs': [array([0.0012889 , 0.00817816, 0.990533  ], dtype=float32)], 'ref_sentiment': ['-100'], 'ref_check': [''], 'perplexity': 'N.A.'}"
8240587,comment,5,1 京东确实牛 手机下单后不到24小时就送到手。2 这款手机确实好，屏幕大，手感好，操作方便，系统优化得也很好。3 手机配置没有很高专业要求来说足够了。 4 为支持国货，支持华为，之前就买了华为M5的平板电脑换掉了苹果的IPAD。现在有又将苹果手机换为了华为的手机。这次购物超愉快。,手感,['手感'],['Positive'],[0.9936590790748596],"{'text': '手感 1 京东确实牛 手机下单后不到24小时就送到手。2 这款手机确实好，屏幕大，手感好，操作方便，系统优化得也很好。3 手机配置没有很高专业要求来说足够了。 4 为支持国货，支持华为，之前就买了华为M5的平板电脑换掉了苹果的IPAD。现在有又将苹果手机换为了华为的手机。这次购物超愉快。', 'aspect': ['手感'], 'sentiment': ['Positive'], 'confidence': [0.9936590790748596], 'probs': [array([0.00113282, 0.0052082 , 0.9936591 ], dtype=float32)], 'ref_sentiment': ['-100'], 'ref_check': [''], 'perplexity': 'N.A.'}"
5942439,comment,5,收到货，声音很大，功能也多，适合老人用，就是重量有点重，,声音,['声音'],['Positive'],[0.5298007726669312],"{'text': '声音 收到货，声音很大，功能也多，适合老人用，就是重量有点重，', 'aspect': ['声音'], 'sentiment': ['Positive'], 'confidence': [0.5298007726669312], 'probs': [array([0.44795585, 0.02224336, 0.5298008 ], dtype=float32)], 'ref_sentiment': ['-100'], 'ref_check': [''], 'perplexity': 'N.A.'}"
5089275,comment,5,纠结了很久还是买了8p，对比很多方面，拍照超级好看，很信任京东，物流很快虽然是别的地方但依旧快，东西绝对是正品，嘻嘻嘻，非常喜欢。,拍照,['拍照'],['Positive'],[0.9959418177604675],"{'text': '拍照 纠结了很久还是买了8p，对比很多方面，拍照超级好看，很信任京东，物流很快虽然是别的地方但依旧快，东西绝对是正品，嘻嘻嘻，非常喜欢。', 'aspect': ['拍照'], 'sentiment': ['Positive'], 'confidence': [0.9959418177604675], 'probs': [array([0.00199339, 0.00206472, 0.9959418 ], dtype=float32)], 'ref_sentiment': ['-100'], 'ref_check': [''], 'perplexity': 'N.A.'}"
5089275,comment,5,纠结了很久还是买了8p，对比很多方面，拍照超级好看，很信任京东，物流很快虽然是别的地方但依旧快，东西绝对是正品，嘻嘻嘻，非常喜欢。,物流,['物流'],['Positive'],[0.7567164301872253],"{'text': '物流 纠结了很久还是买了8p，对比很多方面，拍照超级好看，很信任京东，物流很快虽然是别的地方但依旧快，东西绝对是正品，嘻嘻嘻，非常喜欢。', 'aspect': ['物流'], 'sentiment': ['Positive'], 'confidence': [0.7567164301872253], 'probs': [array([0.20752382, 0.03575979, 0.75671643], dtype=float32)], 'ref_sentiment': ['-100'], 'ref_check': [''], 'perplexity': 'N.A.'}"
7081550,comment,5,购买前经过选购，对比，最终买了这个机器机型，收货很快，收到初步检查也没问题，速度肯定快，因为之前用的老手机慢要下岗由这个替代，另外这个配置970的u目前也是顶级高端了，所以肯定快！手感由于之前手机小，现在手机屏幕都大了，这个虽然相对小，但是还是比老手机5s大的多，拿起来，把持起来很累手，但是现在手机屏幕都大了也没办法，如果能小点自然更好！ 购买后用了几天，没发现机器有什么故障和问题，问题不大，用网上说的手机跑分工具测试不到19万多分，大概是21号购买的第6天，推送了那个tpu什么的加持手机体验速度的所谓黑科技，更新后又跑分上了20万如图！由于手机平时用的不多，主要接打电话，目前也没体验看视频，没体验任何游戏，没安装！ 只说下语音通话都ok，没发现问题，微信qq都正常使用，唯一遗憾的是微信和qq不支持指纹支付，这个前期我也不知道，后来使用发现，百度查询得知确认华为不支持，这是最不好的地方，本人主要用微信qq支付频繁些，只能老手机继续了，希望后续支持吧，也希望这个手机能战几年！,屏幕,['屏幕'],['Positive'],[0.9398331642150879],"{'text': '屏幕 购买前经过选购，对比，最终买了这个机器机型，收货很快，收到初步检查也没问题，速度肯定快，因为之前用的老手机慢要下岗由这个替代，另外这个配置970的u目前也是顶级高端了，所以肯定快！手感由于之前手机小，现在手机屏幕都大了，这个虽然相对小，但是还是比老手机5s大的多，拿起来，把持起来很累手，但是现在手机屏幕都大了也没办法，如果能小点自然更好！ 购买后用了几天，没发现机器有什么故障和问题，问题不大，用网上说的手机跑分工具测试不到19万多分，大概是21号购买的第6天，推送了那个tpu什么的加持手机体验速度的所谓黑科技，更新后又跑分上了20万如图！由于手机平时用的不多，主要接打电话，目前也没体验看视频，没体验任何游戏，没安装！ 只说下语音通话都ok，没发现问题，微信qq都正常使用，唯一遗憾的是微信和qq不支持指纹支付，这个前期我也不知道，后来使用发现，百度查询得知确认华为不支持，这是最不好的地方，本人主要用微信qq支付频繁些，只能老手机继续了，希望后续支持吧，也希望这个手机能战几年！', 'aspect': ['屏幕'], 'sentiment': ['Positive'], 'confidence': [0.9398331642150879], 'probs': [array([0.01607979, 0.0440871 , 0.93983316], dtype=float32)], 'ref_sentiment': ['-100'], 'ref_check': [''], 'perplexity': 'N.A.'}"
7081550,comment,5,购买前经过选购，对比，最终买了这个机器机型，收货很快，收到初步检查也没问题，速度肯定快，因为之前用的老手机慢要下岗由这个替代，另外这个配置970的u目前也是顶级高端了，所以肯定快！手感由于之前手机小，现在手机屏幕都大了，这个虽然相对小，但是还是比老手机5s大的多，拿起来，把持起来很累手，但是现在手机屏幕都大了也没办法，如果能小点自然更好！ 购买后用了几天，没发现机器有什么故障和问题，问题不大，用网上说的手机跑分工具测试不到19万多分，大概是21号购买的第6天，推送了那个tpu什么的加持手机体验速度的所谓黑科技，更新后又跑分上了20万如图！由于手机平时用的不多，主要接打电话，目前也没体验看视频，没体验任何游戏，没安装！ 只说下语音通话都ok，没发现问题，微信qq都正常使用，唯一遗憾的是微信和qq不支持指纹支付，这个前期我也不知道，后来使用发现，百度查询得知确认华为不支持，这是最不好的地方，本人主要用微信qq支付频繁些，只能老手机继续了，希望后续支持吧，也希望这个手机能战几年！,速度,['速度'],['Positive'],[0.9590786099433899],"{'text': '速度 购买前经过选购，对比，最终买了这个机器机型，收货很快，收到初步检查也没问题，速度肯定快，因为之前用的老手机慢要下岗由这个替代，另外这个配置970的u目前也是顶级高端了，所以肯定快！手感由于之前手机小，现在手机屏幕都大了，这个虽然相对小，但是还是比老手机5s大的多，拿起来，把持起来很累手，但是现在手机屏幕都大了也没办法，如果能小点自然更好！ 购买后用了几天，没发现机器有什么故障和问题，问题不大，用网上说的手机跑分工具测试不到19万多分，大概是21号购买的第6天，推送了那个tpu什么的加持手机体验速度的所谓黑科技，更新后又跑分上了20万如图！由于手机平时用的不多，主要接打电话，目前也没体验看视频，没体验任何游戏，没安装！ 只说下语音通话都ok，没发现问题，微信qq都正常使用，唯一遗憾的是微信和qq不支持指纹支付，这个前期我也不知道，后来使用发现，百度查询得知确认华为不支持，这是最不好的地方，本人主要用微信qq支付频繁些，只能老手机继续了，希望后续支持吧，也希望这个手机能战几年！', 'aspect': ['速度'], 'sentiment': ['Positive'], 'confidence': [0.9590786099433899], 'probs': [array([0.0080072 , 0.03291415, 0.9590786 ], dtype=float32)], 'ref_sentiment': ['-100'], 'ref_check': [''], 'perplexity': 'N.A.'}"
7081550,comment,5,购买前经过选购，对比，最终买了这个机器机型，收货很快，收到初步检查也没问题，速度肯定快，因为之前用的老手机慢要下岗由这个替代，另外这个配置970的u目前也是顶级高端了，所以肯定快！手感由于之前手机小，现在手机屏幕都大了，这个虽然相对小，但是还是比老手机5s大的多，拿起来，把持起来很累手，但是现在手机屏幕都大了也没办法，如果能小点自然更好！ 购买后用了几天，没发现机器有什么故障和问题，问题不大，用网上说的手机跑分工具测试不到19万多分，大概是21号购买的第6天，推送了那个tpu什么的加持手机体验速度的所谓黑科技，更新后又跑分上了20万如图！由于手机平时用的不多，主要接打电话，目前也没体验看视频，没体验任何游戏，没安装！ 只说下语音通话都ok，没发现问题，微信qq都正常使用，唯一遗憾的是微信和qq不支持指纹支付，这个前期我也不知道，后来使用发现，百度查询得知确认华为不支持，这是最不好的地方，本人主要用微信qq支付频繁些，只能老手机继续了，希望后续支持吧，也希望这个手机能战几年！,手感,['手感'],['Positive'],[0.9500805735588074],"{'text': '手感 购买前经过选购，对比，最终买了这个机器机型，收货很快，收到初步检查也没问题，速度肯定快，因为之前用的老手机慢要下岗由这个替代，另外这个配置970的u目前也是顶级高端了，所以肯定快！手感由于之前手机小，现在手机屏幕都大了，这个虽然相对小，但是还是比老手机5s大的多，拿起来，把持起来很累手，但是现在手机屏幕都大了也没办法，如果能小点自然更好！ 购买后用了几天，没发现机器有什么故障和问题，问题不大，用网上说的手机跑分工具测试不到19万多分，大概是21号购买的第6天，推送了那个tpu什么的加持手机体验速度的所谓黑科技，更新后又跑分上了20万如图！由于手机平时用的不多，主要接打电话，目前也没体验看视频，没体验任何游戏，没安装！ 只说下语音通话都ok，没发现问题，微信qq都正常使用，唯一遗憾的是微信和qq不支持指纹支付，这个前期我也不知道，后来使用发现，百度查询得知确认华为不支持，这是最不好的地方，本人主要用微信qq支付频繁些，只能老手机继续了，希望后续支持吧，也希望这个手机能战几年！', 'aspect': ['手感'], 'sentiment': ['Positive'], 'confidence': [0.9500805735588074], 'probs': [array([0.01219561, 0.03772379, 0.9500806 ], dtype=float32)], 'ref_sentiment': ['-100'], 'ref_check': [''], 'perplexity': 'N.A.'}"
5663902,comment,5,手机很快就收到了，实物与商品介绍一样，手感和外观上看着还不错。因为一直用的都是华为手机，打开看内容，还是那么熟悉，一如既往的好！买手机时的选择性太多，好不容易选择购买了这款，希望长久的使用质量寿命令人满意就好！,外观,['外观'],['Positive'],[0.9879854321479797],"{'text': '外观 手机很快就收到了，实物与商品介绍一样，手感和外观上看着还不错。因为一直用的都是华为手机，打开看内容，还是那么熟悉，一如既往的好！买手机时的选择性太多，好不容易选择购买了这款，希望长久的使用质量寿命令人满意就好！', 'aspect': ['外观'], 'sentiment': ['Positive'], 'confidence': [0.9879854321479797], 'probs': [array([3.4430515e-04, 1.1670259e-02, 9.8798543e-01], dtype=float32)], 'ref_sentiment': ['-100'], 'ref_check': [''], 'perplexity': 'N.A.'}"
5663902,comment,5,手机很快就收到了，实物与商品介绍一样，手感和外观上看着还不错。因为一直用的都是华为手机，打开看内容，还是那么熟悉，一如既往的好！买手机时的选择性太多，好不容易选择购买了这款，希望长久的使用质量寿命令人满意就好！,手感,['手感'],['Positive'],[0.9878042936325073],"{'text': '手感 手机很快就收到了，实物与商品介绍一样，手感和外观上看着还不错。因为一直用的都是华为手机，打开看内容，还是那么熟悉，一如既往的好！买手机时的选择性太多，好不容易选择购买了这款，希望长久的使用质量寿命令人满意就好！', 'aspect': ['手感'], 'sentiment': ['Positive'], 'confidence': [0.9878042936325073], 'probs': [array([3.2109290e-04, 1.1874588e-02, 9.8780429e-01], dtype=float32)], 'ref_sentiment': ['-100'], 'ref_check': [''], 'perplexity': 'N.A.'}"
7283905,comment,5,27号下的单，今天收到1星期内，坐标河南商丘，手机是武汉仓过来的。充电头是5V2A的 不支持快充。已经另外购买。,充电,['充电'],['Negative'],[0.8699519038200378],"{'text': '充电 27号下的单，今天收到1星期内，坐标河南商丘，手机是武汉仓过来的。充电头是5V2A的 不支持快充。已经另外购买。', 'aspect': ['充电'], 'sentiment': ['Negative'], 'confidence': [0.8699519038200378], 'probs': [array([0.8699519 , 0.12279047, 0.00725757], dtype=float32)], 'ref_sentiment': ['-100'], 'ref_check': [''], 'perplexity': 'N.A.'}"
5001213,comment,5,今天刚收到！ 看到京东的快递包装盒，我内心是一群奔腾而过的！几千块钱的物品包装，没有防压提示，包装盒直接被压塌一个角，幸好小米自带包装耐压，手机没事！ 京东快递有必要注意点，虽然你们或许不会在意顾客说什么的... 手机挺好，手感比肩水果7！关于全面屏，我想小米这样已经很厚道了，没有啥挑剔的！如果把下巴移到上面就更好了！ 使用感受，等用几天再评价吧！ 除开京东的包装，值得购买！,手感,['手感'],['Positive'],[0.6393643617630005],"{'text': '手感 今天刚收到！ 看到京东的快递包装盒，我内心是一群奔腾而过的！几千块钱的物品包装，没有防压提示，包装盒直接被压塌一个角，幸好小米自带包装耐压，手机没事！ 京东快递有必要注意点，虽然你们或许不会在意顾客说什么的... 手机挺好，手感比肩水果7！关于全面屏，我想小米这样已经很厚道了，没有啥挑剔的！如果把下巴移到上面就更好了！ 使用感受，等用几天再评价吧！ 除开京东的包装，值得购买！', 'aspect': ['手感'], 'sentiment': ['Positive'], 'confidence': [0.6393643617630005], 'probs': [array([0.0484064 , 0.31222925, 0.63936436], dtype=float32)], 'ref_sentiment': ['-100'], 'ref_check': [''], 'perplexity': 'N.A.'}"
5001213,comment,5,今天刚收到！ 看到京东的快递包装盒，我内心是一群奔腾而过的！几千块钱的物品包装，没有防压提示，包装盒直接被压塌一个角，幸好小米自带包装耐压，手机没事！ 京东快递有必要注意点，虽然你们或许不会在意顾客说什么的... 手机挺好，手感比肩水果7！关于全面屏，我想小米这样已经很厚道了，没有啥挑剔的！如果把下巴移到上面就更好了！ 使用感受，等用几天再评价吧！ 除开京东的包装，值得购买！,快递,['快递'],['Positive'],[0.8436768651008606],"{'text': '快递 今天刚收到！ 看到京东的快递包装盒，我内心是一群奔腾而过的！几千块钱的物品包装，没有防压提示，包装盒直接被压塌一个角，幸好小米自带包装耐压，手机没事！ 京东快递有必要注意点，虽然你们或许不会在意顾客说什么的... 手机挺好，手感比肩水果7！关于全面屏，我想小米这样已经很厚道了，没有啥挑剔的！如果把下巴移到上面就更好了！ 使用感受，等用几天再评价吧！ 除开京东的包装，值得购买！', 'aspect': ['快递'], 'sentiment': ['Positive'], 'confidence': [0.8436768651008606], 'probs': [array([0.03852135, 0.11780172, 0.84367687], dtype=float32)], 'ref_sentiment': ['-100'], 'ref_check': [''], 'perplexity': 'N.A.'}"
5001213,comment,5,今天刚收到！ 看到京东的快递包装盒，我内心是一群奔腾而过的！几千块钱的物品包装，没有防压提示，包装盒直接被压塌一个角，幸好小米自带包装耐压，手机没事！ 京东快递有必要注意点，虽然你们或许不会在意顾客说什么的... 手机挺好，手感比肩水果7！关于全面屏，我想小米这样已经很厚道了，没有啥挑剔的！如果把下巴移到上面就更好了！ 使用感受，等用几天再评价吧！ 除开京东的包装，值得购买！,包装,['包装'],['Neutral'],[0.4029516279697418],"{'text': '包装 今天刚收到！ 看到京东的快递包装盒，我内心是一群奔腾而过的！几千块钱的物品包装，没有防压提示，包装盒直接被压塌一个角，幸好小米自带包装耐压，手机没事！ 京东快递有必要注意点，虽然你们或许不会在意顾客说什么的... 手机挺好，手感比肩水果7！关于全面屏，我想小米这样已经很厚道了，没有啥挑剔的！如果把下巴移到上面就更好了！ 使用感受，等用几天再评价吧！ 除开京东的包装，值得购买！', 'aspect': ['包装'], 'sentiment': ['Neutral'], 'confidence': [0.4029516279697418], 'probs': [array([0.3857648 , 0.40295163, 0.21128356], dtype=float32)], 'ref_sentiment': ['-100'], 'ref_check': [''], 'perplexity': 'N.A.'}"
8344046,comment,5,在浏览页面时，我没有立即购买，关注了这个手机有一段时间，这次直接下单了，首先客服服务真心不错，第一惊喜，物流很快，手机反应非常快，款式飘来昂，分辨率超高，手机拍出的照片和数码相机差不多，一开始我担心非常耗电，系统优化很好，界面简洁，造工，外形，上手度，屏幕，性能，系统优化，都可圈可点，运行速度快，屏幕大，质感、内容价值，手机可以称的上物有所值。总之是一次不错的网购经历。我知道无论用多么华丽的语言来措辞形容手机的优势都是不够的，都是虚伪的，所以我只想说一句：透过体验的效果分享给大家！体验效果整体而言：设计新颖、运行流畅、显示效果极佳、赠送的礼品多，手机款式时尚，整体算下来，比较划算！,屏幕,['屏幕'],['Neutral'],[0.6659860014915466],"{'text': '屏幕 在浏览页面时，我没有立即购买，关注了这个手机有一段时间，这次直接下单了，首先客服服务真心不错，第一惊喜，物流很快，手机反应非常快，款式飘来昂，分辨率超高，手机拍出的照片和数码相机差不多，一开始我担心非常耗电，系统优化很好，界面简洁，造工，外形，上手度，屏幕，性能，系统优化，都可圈可点，运行速度快，屏幕大，质感、内容价值，手机可以称的上物有所值。总之是一次不错的网购经历。我知道无论用多么华丽的语言来措辞形容手机的优势都是不够的，都是虚伪的，所以我只想说一句：透过体验的效果分享给大家！体验效果整体而言：设计新颖、运行流畅、显示效果极佳、赠送的礼品多，手机款式时尚，整体算下来，比较划算！', 'aspect': ['屏幕'], 'sentiment': ['Neutral'], 'confidence': [0.6659860014915466], 'probs': [array([0.10622991, 0.665986  , 0.2277841 ], dtype=float32)], 'ref_sentiment': ['-100'], 'ref_check': [''], 'perplexity': 'N.A.'}"
8344046,comment,5,在浏览页面时，我没有立即购买，关注了这个手机有一段时间，这次直接下单了，首先客服服务真心不错，第一惊喜，物流很快，手机反应非常快，款式飘来昂，分辨率超高，手机拍出的照片和数码相机差不多，一开始我担心非常耗电，系统优化很好，界面简洁，造工，外形，上手度，屏幕，性能，系统优化，都可圈可点，运行速度快，屏幕大，质感、内容价值，手机可以称的上物有所值。总之是一次不错的网购经历。我知道无论用多么华丽的语言来措辞形容手机的优势都是不够的，都是虚伪的，所以我只想说一句：透过体验的效果分享给大家！体验效果整体而言：设计新颖、运行流畅、显示效果极佳、赠送的礼品多，手机款式时尚，整体算下来，比较划算！,显示,['显示'],['Neutral'],[0.5680111646652222],"{'text': '显示 在浏览页面时，我没有立即购买，关注了这个手机有一段时间，这次直接下单了，首先客服服务真心不错，第一惊喜，物流很快，手机反应非常快，款式飘来昂，分辨率超高，手机拍出的照片和数码相机差不多，一开始我担心非常耗电，系统优化很好，界面简洁，造工，外形，上手度，屏幕，性能，系统优化，都可圈可点，运行速度快，屏幕大，质感、内容价值，手机可以称的上物有所值。总之是一次不错的网购经历。我知道无论用多么华丽的语言来措辞形容手机的优势都是不够的，都是虚伪的，所以我只想说一句：透过体验的效果分享给大家！体验效果整体而言：设计新颖、运行流畅、显示效果极佳、赠送的礼品多，手机款式时尚，整体算下来，比较划算！', 'aspect': ['显示'], 'sentiment': ['Neutral'], 'confidence': [0.5680111646652222], 'probs': [array([0.20983626, 0.56801116, 0.22215253], dtype=float32)], 'ref_sentiment': ['-100'], 'ref_check': [''], 'perplexity': 'N.A.'}"
8344046,comment,5,在浏览页面时，我没有立即购买，关注了这个手机有一段时间，这次直接下单了，首先客服服务真心不错，第一惊喜，物流很快，手机反应非常快，款式飘来昂，分辨率超高，手机拍出的照片和数码相机差不多，一开始我担心非常耗电，系统优化很好，界面简洁，造工，外形，上手度，屏幕，性能，系统优化，都可圈可点，运行速度快，屏幕大，质感、内容价值，手机可以称的上物有所值。总之是一次不错的网购经历。我知道无论用多么华丽的语言来措辞形容手机的优势都是不够的，都是虚伪的，所以我只想说一句：透过体验的效果分享给大家！体验效果整体而言：设计新颖、运行流畅、显示效果极佳、赠送的礼品多，手机款式时尚，整体算下来，比较划算！,相机,['相机'],['Positive'],[0.48760131001472473],"{'text': '相机 在浏览页面时，我没有立即购买，关注了这个手机有一段时间，这次直接下单了，首先客服服务真心不错，第一惊喜，物流很快，手机反应非常快，款式飘来昂，分辨率超高，手机拍出的照片和数码相机差不多，一开始我担心非常耗电，系统优化很好，界面简洁，造工，外形，上手度，屏幕，性能，系统优化，都可圈可点，运行速度快，屏幕大，质感、内容价值，手机可以称的上物有所值。总之是一次不错的网购经历。我知道无论用多么华丽的语言来措辞形容手机的优势都是不够的，都是虚伪的，所以我只想说一句：透过体验的效果分享给大家！体验效果整体而言：设计新颖、运行流畅、显示效果极佳、赠送的礼品多，手机款式时尚，整体算下来，比较划算！', 'aspect': ['相机'], 'sentiment': ['Positive'], 'confidence': [0.48760131001472473], 'probs': [array([0.05976868, 0.45262998, 0.4876013 ], dtype=float32)], 'ref_sentiment': ['-100'], 'ref_check': [''], 'perplexity': 'N.A.'}"
8344046,comment,5,在浏览页面时，我没有立即购买，关注了这个手机有一段时间，这次直接下单了，首先客服服务真心不错，第一惊喜，物流很快，手机反应非常快，款式飘来昂，分辨率超高，手机拍出的照片和数码相机差不多，一开始我担心非常耗电，系统优化很好，界面简洁，造工，外形，上手度，屏幕，性能，系统优化，都可圈可点，运行速度快，屏幕大，质感、内容价值，手机可以称的上物有所值。总之是一次不错的网购经历。我知道无论用多么华丽的语言来措辞形容手机的优势都是不够的，都是虚伪的，所以我只想说一句：透过体验的效果分享给大家！体验效果整体而言：设计新颖、运行流畅、显示效果极佳、赠送的礼品多，手机款式时尚，整体算下来，比较划算！,性能,['性能'],['Neutral'],[0.5450206398963928],"{'text': '性能 在浏览页面时，我没有立即购买，关注了这个手机有一段时间，这次直接下单了，首先客服服务真心不错，第一惊喜，物流很快，手机反应非常快，款式飘来昂，分辨率超高，手机拍出的照片和数码相机差不多，一开始我担心非常耗电，系统优化很好，界面简洁，造工，外形，上手度，屏幕，性能，系统优化，都可圈可点，运行速度快，屏幕大，质感、内容价值，手机可以称的上物有所值。总之是一次不错的网购经历。我知道无论用多么华丽的语言来措辞形容手机的优势都是不够的，都是虚伪的，所以我只想说一句：透过体验的效果分享给大家！体验效果整体而言：设计新颖、运行流畅、显示效果极佳、赠送的礼品多，手机款式时尚，整体算下来，比较划算！', 'aspect': ['性能'], 'sentiment': ['Neutral'], 'confidence': [0.5450206398963928], 'probs': [array([0.17202851, 0.54502064, 0.28295082], dtype=float32)], 'ref_sentiment': ['-100'], 'ref_check': [''], 'perplexity': 'N.A.'}"
8344046,comment,5,在浏览页面时，我没有立即购买，关注了这个手机有一段时间，这次直接下单了，首先客服服务真心不错，第一惊喜，物流很快，手机反应非常快，款式飘来昂，分辨率超高，手机拍出的照片和数码相机差不多，一开始我担心非常耗电，系统优化很好，界面简洁，造工，外形，上手度，屏幕，性能，系统优化，都可圈可点，运行速度快，屏幕大，质感、内容价值，手机可以称的上物有所值。总之是一次不错的网购经历。我知道无论用多么华丽的语言来措辞形容手机的优势都是不够的，都是虚伪的，所以我只想说一句：透过体验的效果分享给大家！体验效果整体而言：设计新颖、运行流畅、显示效果极佳、赠送的礼品多，手机款式时尚，整体算下来，比较划算！,运行,['运行'],['Positive'],[0.6043635010719299],"{'text': '运行 在浏览页面时，我没有立即购买，关注了这个手机有一段时间，这次直接下单了，首先客服服务真心不错，第一惊喜，物流很快，手机反应非常快，款式飘来昂，分辨率超高，手机拍出的照片和数码相机差不多，一开始我担心非常耗电，系统优化很好，界面简洁，造工，外形，上手度，屏幕，性能，系统优化，都可圈可点，运行速度快，屏幕大，质感、内容价值，手机可以称的上物有所值。总之是一次不错的网购经历。我知道无论用多么华丽的语言来措辞形容手机的优势都是不够的，都是虚伪的，所以我只想说一句：透过体验的效果分享给大家！体验效果整体而言：设计新颖、运行流畅、显示效果极佳、赠送的礼品多，手机款式时尚，整体算下来，比较划算！', 'aspect': ['运行'], 'sentiment': ['Positive'], 'confidence': [0.6043635010719299], 'probs': [array([0.0259815 , 0.36965495, 0.6043635 ], dtype=float32)], 'ref_sentiment': ['-100'], 'ref_check': [''], 'perplexity': 'N.A.'}"
8344046,comment,5,在浏览页面时，我没有立即购买，关注了这个手机有一段时间，这次直接下单了，首先客服服务真心不错，第一惊喜，物流很快，手机反应非常快，款式飘来昂，分辨率超高，手机拍出的照片和数码相机差不多，一开始我担心非常耗电，系统优化很好，界面简洁，造工，外形，上手度，屏幕，性能，系统优化，都可圈可点，运行速度快，屏幕大，质感、内容价值，手机可以称的上物有所值。总之是一次不错的网购经历。我知道无论用多么华丽的语言来措辞形容手机的优势都是不够的，都是虚伪的，所以我只想说一句：透过体验的效果分享给大家！体验效果整体而言：设计新颖、运行流畅、显示效果极佳、赠送的礼品多，手机款式时尚，整体算下来，比较划算！,速度,['速度'],['Positive'],[0.8681795001029968],"{'text': '速度 在浏览页面时，我没有立即购买，关注了这个手机有一段时间，这次直接下单了，首先客服服务真心不错，第一惊喜，物流很快，手机反应非常快，款式飘来昂，分辨率超高，手机拍出的照片和数码相机差不多，一开始我担心非常耗电，系统优化很好，界面简洁，造工，外形，上手度，屏幕，性能，系统优化，都可圈可点，运行速度快，屏幕大，质感、内容价值，手机可以称的上物有所值。总之是一次不错的网购经历。我知道无论用多么华丽的语言来措辞形容手机的优势都是不够的，都是虚伪的，所以我只想说一句：透过体验的效果分享给大家！体验效果整体而言：设计新颖、运行流畅、显示效果极佳、赠送的礼品多，手机款式时尚，整体算下来，比较划算！', 'aspect': ['速度'], 'sentiment': ['Positive'], 'confidence': [0.8681795001029968], 'probs': [array([0.0472864 , 0.08453411, 0.8681795 ], dtype=float32)], 'ref_sentiment': ['-100'], 'ref_check': [''], 'perplexity': 'N.A.'}"
8344046,comment,5,在浏览页面时，我没有立即购买，关注了这个手机有一段时间，这次直接下单了，首先客服服务真心不错，第一惊喜，物流很快，手机反应非常快，款式飘来昂，分辨率超高，手机拍出的照片和数码相机差不多，一开始我担心非常耗电，系统优化很好，界面简洁，造工，外形，上手度，屏幕，性能，系统优化，都可圈可点，运行速度快，屏幕大，质感、内容价值，手机可以称的上物有所值。总之是一次不错的网购经历。我知道无论用多么华丽的语言来措辞形容手机的优势都是不够的，都是虚伪的，所以我只想说一句：透过体验的效果分享给大家！体验效果整体而言：设计新颖、运行流畅、显示效果极佳、赠送的礼品多，手机款式时尚，整体算下来，比较划算！,系统,['系统'],['Neutral'],[0.5607014894485474],"{'text': '系统 在浏览页面时，我没有立即购买，关注了这个手机有一段时间，这次直接下单了，首先客服服务真心不错，第一惊喜，物流很快，手机反应非常快，款式飘来昂，分辨率超高，手机拍出的照片和数码相机差不多，一开始我担心非常耗电，系统优化很好，界面简洁，造工，外形，上手度，屏幕，性能，系统优化，都可圈可点，运行速度快，屏幕大，质感、内容价值，手机可以称的上物有所值。总之是一次不错的网购经历。我知道无论用多么华丽的语言来措辞形容手机的优势都是不够的，都是虚伪的，所以我只想说一句：透过体验的效果分享给大家！体验效果整体而言：设计新颖、运行流畅、显示效果极佳、赠送的礼品多，手机款式时尚，整体算下来，比较划算！', 'aspect': ['系统'], 'sentiment': ['Neutral'], 'confidence': [0.5607014894485474], 'probs': [array([0.07527156, 0.5607015 , 0.364027  ], dtype=float32)], 'ref_sentiment': ['-100'], 'ref_check': [''], 'perplexity': 'N.A.'}"
8344046,comment,5,在浏览页面时，我没有立即购买，关注了这个手机有一段时间，这次直接下单了，首先客服服务真心不错，第一惊喜，物流很快，手机反应非常快，款式飘来昂，分辨率超高，手机拍出的照片和数码相机差不多，一开始我担心非常耗电，系统优化很好，界面简洁，造工，外形，上手度，屏幕，性能，系统优化，都可圈可点，运行速度快，屏幕大，质感、内容价值，手机可以称的上物有所值。总之是一次不错的网购经历。我知道无论用多么华丽的语言来措辞形容手机的优势都是不够的，都是虚伪的，所以我只想说一句：透过体验的效果分享给大家！体验效果整体而言：设计新颖、运行流畅、显示效果极佳、赠送的礼品多，手机款式时尚，整体算下来，比较划算！,质感,['质感'],['Positive'],[0.839252233505249],"{'text': '质感 在浏览页面时，我没有立即购买，关注了这个手机有一段时间，这次直接下单了，首先客服服务真心不错，第一惊喜，物流很快，手机反应非常快，款式飘来昂，分辨率超高，手机拍出的照片和数码相机差不多，一开始我担心非常耗电，系统优化很好，界面简洁，造工，外形，上手度，屏幕，性能，系统优化，都可圈可点，运行速度快，屏幕大，质感、内容价值，手机可以称的上物有所值。总之是一次不错的网购经历。我知道无论用多么华丽的语言来措辞形容手机的优势都是不够的，都是虚伪的，所以我只想说一句：透过体验的效果分享给大家！体验效果整体而言：设计新颖、运行流畅、显示效果极佳、赠送的礼品多，手机款式时尚，整体算下来，比较划算！', 'aspect': ['质感'], 'sentiment': ['Positive'], 'confidence': [0.839252233505249], 'probs': [array([0.02987606, 0.13087179, 0.83925223], dtype=float32)], 'ref_sentiment': ['-100'], 'ref_check': [''], 'perplexity': 'N.A.'}"
8344046,comment,5,在浏览页面时，我没有立即购买，关注了这个手机有一段时间，这次直接下单了，首先客服服务真心不错，第一惊喜，物流很快，手机反应非常快，款式飘来昂，分辨率超高，手机拍出的照片和数码相机差不多，一开始我担心非常耗电，系统优化很好，界面简洁，造工，外形，上手度，屏幕，性能，系统优化，都可圈可点，运行速度快，屏幕大，质感、内容价值，手机可以称的上物有所值。总之是一次不错的网购经历。我知道无论用多么华丽的语言来措辞形容手机的优势都是不够的，都是虚伪的，所以我只想说一句：透过体验的效果分享给大家！体验效果整体而言：设计新颖、运行流畅、显示效果极佳、赠送的礼品多，手机款式时尚，整体算下来，比较划算！,物流,['物流'],['Neutral'],[0.5999357104301453],"{'text': '物流 在浏览页面时，我没有立即购买，关注了这个手机有一段时间，这次直接下单了，首先客服服务真心不错，第一惊喜，物流很快，手机反应非常快，款式飘来昂，分辨率超高，手机拍出的照片和数码相机差不多，一开始我担心非常耗电，系统优化很好，界面简洁，造工，外形，上手度，屏幕，性能，系统优化，都可圈可点，运行速度快，屏幕大，质感、内容价值，手机可以称的上物有所值。总之是一次不错的网购经历。我知道无论用多么华丽的语言来措辞形容手机的优势都是不够的，都是虚伪的，所以我只想说一句：透过体验的效果分享给大家！体验效果整体而言：设计新颖、运行流畅、显示效果极佳、赠送的礼品多，手机款式时尚，整体算下来，比较划算！', 'aspect': ['物流'], 'sentiment': ['Neutral'], 'confidence': [0.5999357104301453], 'probs': [array([0.05396108, 0.5999357 , 0.3461032 ], dtype=float32)], 'ref_sentiment': ['-100'], 'ref_check': [''], 'perplexity': 'N.A.'}"
8344046,comment,5,在浏览页面时，我没有立即购买，关注了这个手机有一段时间，这次直接下单了，首先客服服务真心不错，第一惊喜，物流很快，手机反应非常快，款式飘来昂，分辨率超高，手机拍出的照片和数码相机差不多，一开始我担心非常耗电，系统优化很好，界面简洁，造工，外形，上手度，屏幕，性能，系统优化，都可圈可点，运行速度快，屏幕大，质感、内容价值，手机可以称的上物有所值。总之是一次不错的网购经历。我知道无论用多么华丽的语言来措辞形容手机的优势都是不够的，都是虚伪的，所以我只想说一句：透过体验的效果分享给大家！体验效果整体而言：设计新颖、运行流畅、显示效果极佳、赠送的礼品多，手机款式时尚，整体算下来，比较划算！,客服,['客服'],['Neutral'],[0.5657352209091187],"{'text': '客服 在浏览页面时，我没有立即购买，关注了这个手机有一段时间，这次直接下单了，首先客服服务真心不错，第一惊喜，物流很快，手机反应非常快，款式飘来昂，分辨率超高，手机拍出的照片和数码相机差不多，一开始我担心非常耗电，系统优化很好，界面简洁，造工，外形，上手度，屏幕，性能，系统优化，都可圈可点，运行速度快，屏幕大，质感、内容价值，手机可以称的上物有所值。总之是一次不错的网购经历。我知道无论用多么华丽的语言来措辞形容手机的优势都是不够的，都是虚伪的，所以我只想说一句：透过体验的效果分享给大家！体验效果整体而言：设计新颖、运行流畅、显示效果极佳、赠送的礼品多，手机款式时尚，整体算下来，比较划算！', 'aspect': ['客服'], 'sentiment': ['Neutral'], 'confidence': [0.5657352209091187], 'probs': [array([0.07810365, 0.5657352 , 0.35616112], dtype=float32)], 'ref_sentiment': ['-100'], 'ref_check': [''], 'perplexity': 'N.A.'}"
8344046,comment,5,在浏览页面时，我没有立即购买，关注了这个手机有一段时间，这次直接下单了，首先客服服务真心不错，第一惊喜，物流很快，手机反应非常快，款式飘来昂，分辨率超高，手机拍出的照片和数码相机差不多，一开始我担心非常耗电，系统优化很好，界面简洁，造工，外形，上手度，屏幕，性能，系统优化，都可圈可点，运行速度快，屏幕大，质感、内容价值，手机可以称的上物有所值。总之是一次不错的网购经历。我知道无论用多么华丽的语言来措辞形容手机的优势都是不够的，都是虚伪的，所以我只想说一句：透过体验的效果分享给大家！体验效果整体而言：设计新颖、运行流畅、显示效果极佳、赠送的礼品多，手机款式时尚，整体算下来，比较划算！,服务,['服务'],['Positive'],[0.537228524684906],"{'text': '服务 在浏览页面时，我没有立即购买，关注了这个手机有一段时间，这次直接下单了，首先客服服务真心不错，第一惊喜，物流很快，手机反应非常快，款式飘来昂，分辨率超高，手机拍出的照片和数码相机差不多，一开始我担心非常耗电，系统优化很好，界面简洁，造工，外形，上手度，屏幕，性能，系统优化，都可圈可点，运行速度快，屏幕大，质感、内容价值，手机可以称的上物有所值。总之是一次不错的网购经历。我知道无论用多么华丽的语言来措辞形容手机的优势都是不够的，都是虚伪的，所以我只想说一句：透过体验的效果分享给大家！体验效果整体而言：设计新颖、运行流畅、显示效果极佳、赠送的礼品多，手机款式时尚，整体算下来，比较划算！', 'aspect': ['服务'], 'sentiment': ['Positive'], 'confidence': [0.537228524684906], 'probs': [array([0.06270055, 0.40007094, 0.5372285 ], dtype=float32)], 'ref_sentiment': ['-100'], 'ref_check': [''], 'perplexity': 'N.A.'}"
